movieId,title,genres
1,Toy Story (1995),Adventure|Animation|Children|Comedy|Fantasy
2,Jumanji (1995),Adventure|Children|Fantasy
3,Grumpier Old Men (1995),Comedy|Romance
5,Father of the Bride Part II (1995),Comedy
7,Sabrina (1995),Comedy|Romance
11,"American President, The (1995)",Comedy|Drama|Romance
14,Nixon (1995),Drama
16,Casino (1995),Crime|Drama
17,Sense and Sensibility (1995),Drama|Romance
21,Get Shorty (1995),Comedy|Crime|Thriller
22,Copycat (1995),Crime|Drama|Horror|Mystery|Thriller
25,Leaving Las Vegas (1995),Drama|Romance
26,Othello (1995),Drama
28,Persuasion (1995),Drama|Romance
29,"City of Lost Children, The (Cité des enfants perdus, La) (1995)",Adventure|Drama|Fantasy|Mystery|Sci-Fi
31,Dangerous Minds (1995),Drama
32,Twelve Monkeys (a.k.a. 12 Monkeys) (1995),Mystery|Sci-Fi|Thriller
34,Babe (1995),Children|Drama
36,Dead Man Walking (1995),Crime|Drama
38,It Takes Two (1995),Children|Comedy
39,Clueless (1995),Comedy|Romance
40,"Cry, the Beloved Country (1995)",Drama
41,Richard III (1995),Drama|War
43,Restoration (1995),Drama
45,To Die For (1995),Comedy|Drama|Thriller
46,How to Make an American Quilt (1995),Drama|Romance
47,Seven (a.k.a. Se7en) (1995),Mystery|Thriller
50,"Usual Suspects, The (1995)",Crime|Mystery|Thriller
52,Mighty Aphrodite (1995),Comedy|Drama|Romance
58,"Postman, The (Postino, Il) (1994)",Comedy|Drama|Romance
62,Mr. Holland's Opus (1995),Drama
92,Mary Reilly (1996),Drama|Horror|Thriller
96,In the Bleak Midwinter (1995),Comedy|Drama
101,Bottle Rocket (1996),Adventure|Comedy|Crime|Romance
104,Happy Gilmore (1996),Comedy
107,Muppet Treasure Island (1996),Adventure|Children|Comedy|Musical
110,Braveheart (1995),Action|Drama|War
111,Taxi Driver (1976),Crime|Drama|Thriller
116,Anne Frank Remembered (1995),Documentary
122,Boomerang (1992),Comedy|Romance
140,Up Close and Personal (1996),Drama|Romance
147,"Basketball Diaries, The (1995)",Drama
150,Apollo 13 (1995),Adventure|Drama|IMAX
153,Batman Forever (1995),Action|Adventure|Comedy|Crime
160,Congo (1995),Action|Adventure|Mystery|Sci-Fi
161,Crimson Tide (1995),Drama|Thriller|War
162,Crumb (1994),Documentary
175,Kids (1995),Drama
185,"Net, The (1995)",Action|Crime|Thriller
199,"Umbrellas of Cherbourg, The (Parapluies de Cherbourg, Les) (1964)",Drama|Musical|Romance
215,Before Sunrise (1995),Drama|Romance
216,Billy Madison (1995),Comedy
222,Circle of Friends (1995),Drama|Romance
223,Clerks (1994),Comedy
224,Don Juan DeMarco (1995),Comedy|Drama|Romance
230,Dolores Claiborne (1995),Drama|Thriller
232,Eat Drink Man Woman (Yin shi nan nu) (1994),Comedy|Drama|Romance
235,Ed Wood (1994),Comedy|Drama
237,Forget Paris (1995),Comedy|Romance
246,Hoop Dreams (1994),Documentary
247,Heavenly Creatures (1994),Crime|Drama
248,Houseguest (1994),Comedy
249,Immortal Beloved (1994),Drama|Romance
252,I.Q. (1994),Comedy|Romance
257,Just Cause (1995),Mystery|Thriller
260,Star Wars: Episode IV - A New Hope (1977),Action|Adventure|Sci-Fi
261,Little Women (1994),Drama
262,"Little Princess, A (1995)",Children|Drama
272,"Madness of King George, The (1994)",Comedy|Drama
273,Mary Shelley's Frankenstein (Frankenstein) (1994),Drama|Horror|Sci-Fi
277,Miracle on 34th Street (1994),Drama
279,My Family (1995),Drama
280,Murder in the First (1995),Drama|Thriller
282,Nell (1994),Drama
288,Natural Born Killers (1994),Action|Crime|Thriller
290,Once Were Warriors (1994),Crime|Drama
293,Léon: The Professional (a.k.a. The Professional) (Léon) (1994),Action|Crime|Drama|Thriller
296,Pulp Fiction (1994),Comedy|Crime|Drama|Thriller
300,Quiz Show (1994),Drama
307,Three Colors: Blue (Trois couleurs: Bleu) (1993),Drama
308,Three Colors: White (Trzy kolory: Bialy) (1994),Comedy|Drama
316,Stargate (1994),Action|Adventure|Sci-Fi
317,"Santa Clause, The (1994)",Comedy|Drama|Fantasy
318,"Shawshank Redemption, The (1994)",Crime|Drama
326,To Live (Huozhe) (1994),Drama
329,Star Trek: Generations (1994),Adventure|Drama|Sci-Fi
337,What's Eating Gilbert Grape (1993),Drama
338,Virtuosity (1995),Action|Sci-Fi|Thriller
339,While You Were Sleeping (1995),Comedy|Romance
342,Muriel's Wedding (1994),Comedy
345,"Adventures of Priscilla, Queen of the Desert, The (1994)",Comedy|Drama
349,Clear and Present Danger (1994),Action|Crime|Drama|Thriller
350,"Client, The (1994)",Drama|Mystery|Thriller
351,"Corrina, Corrina (1994)",Comedy|Drama|Romance
356,Forrest Gump (1994),Comedy|Drama|Romance|War
357,Four Weddings and a Funeral (1994),Comedy|Romance
361,It Could Happen to You (1994),Comedy|Drama|Romance
363,"Wonderful, Horrible Life of Leni Riefenstahl, The (Macht der Bilder: Leni Riefenstahl, Die) (1993)",Documentary
364,"Lion King, The (1994)",Adventure|Animation|Children|Drama|Musical|IMAX
371,"Paper, The (1994)",Comedy|Drama
377,Speed (1994),Action|Romance|Thriller
380,True Lies (1994),Action|Adventure|Comedy|Romance|Thriller
381,When a Man Loves a Woman (1994),Drama|Romance
410,Addams Family Values (1993),Children|Comedy|Fantasy
412,"Age of Innocence, The (1993)",Drama
413,Airheads (1994),Comedy
421,Black Beauty (1994),Adventure|Children|Drama
425,Blue Sky (1994),Drama|Romance
431,Carlito's Way (1993),Crime|Drama
440,Dave (1993),Comedy|Romance
454,"Firm, The (1993)",Drama|Thriller
457,"Fugitive, The (1993)",Thriller
471,"Hudsucker Proxy, The (1994)",Comedy
474,In the Line of Fire (1993),Action|Thriller
475,In the Name of the Father (1993),Drama
477,What's Love Got to Do with It? (1993),Drama|Musical
480,Jurassic Park (1993),Action|Adventure|Sci-Fi|Thriller
488,M. Butterfly (1993),Drama|Romance
497,Much Ado About Nothing (1993),Comedy|Romance
500,Mrs. Doubtfire (1993),Comedy|Drama
508,Philadelphia (1993),Drama
513,Radioland Murders (1994),Comedy|Mystery|Romance
515,"Remains of the Day, The (1993)",Drama|Romance
516,Renaissance Man (1994),Comedy|Drama
522,Romper Stomper (1992),Action|Drama
524,Rudy (1993),Drama
527,Schindler's List (1993),Drama|War
529,Searching for Bobby Fischer (1993),Drama
531,"Secret Garden, The (1993)",Children|Drama
534,Shadowlands (1993),Drama|Romance
535,Short Cuts (1993),Drama
538,Six Degrees of Separation (1993),Drama
539,Sleepless in Seattle (1993),Comedy|Drama|Romance
540,Sliver (1993),Thriller
541,Blade Runner (1982),Action|Sci-Fi|Thriller
543,So I Married an Axe Murderer (1993),Comedy|Romance|Thriller
551,"Nightmare Before Christmas, The (1993)",Animation|Children|Fantasy|Musical
552,"Three Musketeers, The (1993)",Action|Adventure|Comedy|Romance
556,"War Room, The (1993)",Documentary
562,Welcome to the Dollhouse (1995),Comedy|Drama
586,Home Alone (1990),Children|Comedy
587,Ghost (1990),Comedy|Drama|Fantasy|Romance|Thriller
588,Aladdin (1992),Adventure|Animation|Children|Comedy|Musical
589,Terminator 2: Judgment Day (1991),Action|Sci-Fi
590,Dances with Wolves (1990),Adventure|Drama|Western
592,Batman (1989),Action|Crime|Thriller
593,"Silence of the Lambs, The (1991)",Crime|Horror|Thriller
594,Snow White and the Seven Dwarfs (1937),Animation|Children|Drama|Fantasy|Musical
595,Beauty and the Beast (1991),Animation|Children|Fantasy|Musical|Romance|IMAX
596,Pinocchio (1940),Animation|Children|Fantasy|Musical
597,Pretty Woman (1990),Comedy|Romance
608,Fargo (1996),Comedy|Crime|Drama|Thriller
616,"Aristocats, The (1970)",Animation|Children
628,Primal Fear (1996),Crime|Drama|Mystery|Thriller
638,Jack and Sarah (1995),Romance
647,Courage Under Fire (1996),Action|Crime|Drama|War
648,Mission: Impossible (1996),Action|Adventure|Mystery|Thriller
668,Song of the Little Road (Pather Panchali) (1955),Drama
670,"World of Apu, The (Apur Sansar) (1959)",Drama
671,Mystery Science Theater 3000: The Movie (1996),Comedy|Sci-Fi
673,Space Jam (1996),Adventure|Animation|Children|Comedy|Fantasy|Sci-Fi
707,Mulholland Falls (1996),Crime|Drama|Thriller
708,"Truth About Cats & Dogs, The (1996)",Comedy|Romance
720,Wallace & Gromit: The Best of Aardman Animation (1996),Adventure|Animation|Comedy
728,Cold Comfort Farm (1995),Comedy
733,"Rock, The (1996)",Action|Adventure|Thriller
736,Twister (1996),Action|Adventure|Romance|Thriller
745,Wallace & Gromit: A Close Shave (1995),Animation|Children|Comedy
748,"Arrival, The (1996)",Action|Sci-Fi|Thriller
750,Dr. Strangelove or: How I Learned to Stop Worrying and Love the Bomb (1964),Comedy|War
778,Trainspotting (1996),Comedy|Crime|Drama
780,Independence Day (a.k.a. ID4) (1996),Action|Adventure|Sci-Fi|Thriller
800,Lone Star (1996),Drama|Mystery|Western
805,"Time to Kill, A (1996)",Drama|Thriller
818,"Very Brady Sequel, A (1996)",Comedy
830,"First Wives Club, The (1996)",Comedy
832,Ransom (1996),Crime|Thriller
836,Chain Reaction (1996),Action|Adventure|Thriller
838,Emma (1996),Comedy|Drama|Romance
852,Tin Cup (1996),Comedy|Drama|Romance
858,"Godfather, The (1972)",Crime|Drama
892,Twelfth Night (1996),Comedy|Drama|Romance
898,"Philadelphia Story, The (1940)",Comedy|Drama|Romance
899,Singin' in the Rain (1952),Comedy|Musical|Romance
900,"American in Paris, An (1951)",Musical|Romance
902,Breakfast at Tiffany's (1961),Drama|Romance
903,Vertigo (1958),Drama|Mystery|Romance|Thriller
904,Rear Window (1954),Mystery|Thriller
905,It Happened One Night (1934),Comedy|Romance
906,Gaslight (1944),Drama|Thriller
907,"Gay Divorcee, The (1934)",Comedy|Musical|Romance
908,North by Northwest (1959),Action|Adventure|Mystery|Romance|Thriller
909,"Apartment, The (1960)",Comedy|Drama|Romance
910,Some Like It Hot (1959),Comedy|Crime
911,Charade (1963),Comedy|Crime|Mystery|Romance|Thriller
912,Casablanca (1942),Drama|Romance
913,"Maltese Falcon, The (1941)",Film-Noir|Mystery
914,My Fair Lady (1964),Comedy|Drama|Musical|Romance
915,Sabrina (1954),Comedy|Romance
916,Roman Holiday (1953),Comedy|Drama|Romance
918,Meet Me in St. Louis (1944),Musical
919,"Wizard of Oz, The (1939)",Adventure|Children|Fantasy|Musical
920,Gone with the Wind (1939),Drama|Romance|War
921,My Favorite Year (1982),Comedy
922,Sunset Blvd. (a.k.a. Sunset Boulevard) (1950),Drama|Film-Noir|Romance
923,Citizen Kane (1941),Drama|Mystery
924,2001: A Space Odyssey (1968),Adventure|Drama|Sci-Fi
926,All About Eve (1950),Drama
927,"Women, The (1939)",Comedy
928,Rebecca (1940),Drama|Mystery|Romance|Thriller
929,Foreign Correspondent (1940),Drama|Film-Noir|Mystery|Thriller
930,Notorious (1946),Film-Noir|Romance|Thriller
931,Spellbound (1945),Mystery|Romance|Thriller
934,Father of the Bride (1950),Comedy
936,Ninotchka (1939),Comedy|Romance
938,Gigi (1958),Musical
940,"Adventures of Robin Hood, The (1938)",Action|Adventure|Romance
941,"Mark of Zorro, The (1940)",Adventure
943,"Ghost and Mrs. Muir, The (1947)",Drama|Fantasy|Romance
944,Lost Horizon (1937),Drama
945,Top Hat (1935),Comedy|Musical|Romance
947,My Man Godfrey (1936),Comedy|Romance
948,Giant (1956),Drama|Romance|Western
950,"Thin Man, The (1934)",Comedy|Crime
951,His Girl Friday (1940),Comedy|Romance
952,Around the World in 80 Days (1956),Adventure|Comedy
953,It's a Wonderful Life (1946),Children|Drama|Fantasy|Romance
954,Mr. Smith Goes to Washington (1939),Drama
955,Bringing Up Baby (1938),Comedy|Romance
956,Penny Serenade (1941),Drama|Romance
965,"39 Steps, The (1935)",Drama|Mystery|Thriller
968,Night of the Living Dead (1968),Horror|Sci-Fi|Thriller
969,"African Queen, The (1951)",Adventure|Comedy|Romance|War
970,Beat the Devil (1953),Adventure|Comedy|Crime|Drama|Romance
971,Cat on a Hot Tin Roof (1958),Drama
973,Meet John Doe (1941),Comedy|Drama
976,"Farewell to Arms, A (1932)",Romance|War
986,Fly Away Home (1996),Adventure|Children
991,Michael Collins (1996),Drama
994,Big Night (1996),Comedy|Drama
1006,"Chamber, The (1996)",Drama
1010,"Love Bug, The (1969)",Children|Comedy
1013,"Parent Trap, The (1961)",Children|Comedy|Romance
1022,Cinderella (1950),Animation|Children|Fantasy|Musical|Romance
1025,"Sword in the Stone, The (1963)",Animation|Children|Fantasy|Musical
1028,Mary Poppins (1964),Children|Comedy|Fantasy|Musical
1029,Dumbo (1941),Animation|Children|Drama|Musical
1030,Pete's Dragon (1977),Adventure|Animation|Children|Musical
1032,Alice in Wonderland (1951),Adventure|Animation|Children|Fantasy|Musical
1033,"Fox and the Hound, The (1981)",Animation|Children|Drama
1035,"Sound of Music, The (1965)",Musical|Romance
1041,Secrets & Lies (1996),Drama
1042,That Thing You Do! (1996),Comedy|Drama
1059,William Shakespeare's Romeo + Juliet (1996),Drama|Romance
1066,Shall We Dance (1937),Comedy|Musical|Romance
1068,Crossfire (1947),Crime|Film-Noir
1079,"Fish Called Wanda, A (1988)",Comedy|Crime
1080,Monty Python's Life of Brian (1979),Comedy
1081,Victor/Victoria (1982),Comedy|Musical|Romance
1082,"Candidate, The (1972)",Drama
1084,Bonnie and Clyde (1967),Crime|Drama
1088,Dirty Dancing (1987),Drama|Musical|Romance
1089,Reservoir Dogs (1992),Crime|Mystery|Thriller
1090,Platoon (1986),Drama|War
1093,"Doors, The (1991)",Drama
1096,Sophie's Choice (1982),Drama
1097,E.T. the Extra-Terrestrial (1982),Children|Drama|Sci-Fi
1101,Top Gun (1986),Action|Romance
1103,Rebel Without a Cause (1955),Drama
1104,"Streetcar Named Desire, A (1951)",Drama
1120,"People vs. Larry Flynt, The (1996)",Comedy|Drama
1124,On Golden Pond (1981),Drama
1125,"Return of the Pink Panther, The (1975)",Comedy|Crime
1135,Private Benjamin (1980),Comedy
1136,Monty Python and the Holy Grail (1975),Adventure|Comedy|Fantasy
1147,When We Were Kings (1996),Documentary
1148,Wallace & Gromit: The Wrong Trousers (1993),Animation|Children|Comedy|Crime
1171,Bob Roberts (1992),Comedy
1177,Enchanted April (1992),Drama|Romance
1178,Paths of Glory (1957),Drama|War
1179,"Grifters, The (1990)",Crime|Drama|Film-Noir
1183,"English Patient, The (1996)",Drama|Romance|War
1185,My Left Foot (1989),Drama
1187,Passion Fish (1992),Drama
1188,Strictly Ballroom (1992),Comedy|Romance
1189,"Thin Blue Line, The (1988)",Documentary
1193,One Flew Over the Cuckoo's Nest (1975),Drama
1196,Star Wars: Episode V - The Empire Strikes Back (1980),Action|Adventure|Sci-Fi
1197,"Princess Bride, The (1987)",Action|Adventure|Comedy|Fantasy|Romance
1198,Raiders of the Lost Ark (Indiana Jones and the Raiders of the Lost Ark) (1981),Action|Adventure
1200,Aliens (1986),Action|Adventure|Horror|Sci-Fi
1201,"Good, the Bad and the Ugly, The (Buono, il brutto, il cattivo, Il) (1966)",Action|Adventure|Western
1203,12 Angry Men (1957),Drama
1204,Lawrence of Arabia (1962),Adventure|Drama|War
1206,"Clockwork Orange, A (1971)",Crime|Drama|Sci-Fi|Thriller
1207,To Kill a Mockingbird (1962),Drama
1208,Apocalypse Now (1979),Action|Drama|War
1209,Once Upon a Time in the West (C'era una volta il West) (1968),Action|Drama|Western
1210,Star Wars: Episode VI - Return of the Jedi (1983),Action|Adventure|Sci-Fi
1212,"Third Man, The (1949)",Film-Noir|Mystery|Thriller
1213,Goodfellas (1990),Crime|Drama
1214,Alien (1979),Horror|Sci-Fi
1217,Ran (1985),Drama|War
1219,Psycho (1960),Crime|Horror
1220,"Blues Brothers, The (1980)",Action|Comedy|Musical
1221,"Godfather: Part II, The (1974)",Crime|Drama
1222,Full Metal Jacket (1987),Drama|War
1223,"Grand Day Out with Wallace and Gromit, A (1989)",Adventure|Animation|Children|Comedy|Sci-Fi
1224,Henry V (1989),Action|Drama|Romance|War
1225,Amadeus (1984),Drama
1228,Raging Bull (1980),Drama
1230,Annie Hall (1977),Comedy|Romance
1231,"Right Stuff, The (1983)",Drama
1233,"Boot, Das (Boat, The) (1981)",Action|Drama|War
1234,"Sting, The (1973)",Comedy|Crime
1235,Harold and Maude (1971),Comedy|Drama|Romance
1237,"Seventh Seal, The (Sjunde inseglet, Det) (1957)",Drama
1240,"Terminator, The (1984)",Action|Sci-Fi|Thriller
1242,Glory (1989),Drama|War
1243,Rosencrantz and Guildenstern Are Dead (1990),Comedy|Drama
1244,Manhattan (1979),Comedy|Drama|Romance
1245,Miller's Crossing (1990),Crime|Drama|Film-Noir|Thriller
1246,Dead Poets Society (1989),Drama
1247,"Graduate, The (1967)",Comedy|Drama|Romance
1249,"Femme Nikita, La (Nikita) (1990)",Action|Crime|Romance|Thriller
1250,"Bridge on the River Kwai, The (1957)",Adventure|Drama|War
1252,Chinatown (1974),Crime|Film-Noir|Mystery|Thriller
1253,"Day the Earth Stood Still, The (1951)",Drama|Sci-Fi|Thriller
1254,"Treasure of the Sierra Madre, The (1948)",Action|Adventure|Drama|Western
1257,Better Off Dead... (1985),Comedy|Romance
1258,"Shining, The (1980)",Horror
1259,Stand by Me (1986),Adventure|Drama
1260,M (1931),Crime|Film-Noir|Thriller
1262,"Great Escape, The (1963)",Action|Adventure|Drama|War
1263,"Deer Hunter, The (1978)",Drama|War
1266,Unforgiven (1992),Drama|Western
1267,"Manchurian Candidate, The (1962)",Crime|Thriller|War
1269,Arsenic and Old Lace (1944),Comedy|Mystery|Thriller
1270,Back to the Future (1985),Adventure|Comedy|Sci-Fi
1272,Patton (1970),Drama|War
1274,Akira (1988),Action|Adventure|Animation|Sci-Fi
1276,Cool Hand Luke (1967),Drama
1277,Cyrano de Bergerac (1990),Comedy|Drama|Romance
1278,Young Frankenstein (1974),Comedy|Fantasy
1280,Raise the Red Lantern (Da hong deng long gao gao gua) (1991),Drama
1281,"Great Dictator, The (1940)",Comedy|Drama|War
1282,Fantasia (1940),Animation|Children|Fantasy|Musical
1283,High Noon (1952),Drama|Western
1284,"Big Sleep, The (1946)",Crime|Film-Noir|Mystery
1285,Heathers (1989),Comedy
1288,This Is Spinal Tap (1984),Comedy
1291,Indiana Jones and the Last Crusade (1989),Action|Adventure
1292,Being There (1979),Comedy|Drama
1293,Gandhi (1982),Drama
1296,"Room with a View, A (1986)",Drama|Romance
1299,"Killing Fields, The (1984)",Drama|War
1301,Forbidden Planet (1956),Drama|Sci-Fi
1302,Field of Dreams (1989),Children|Drama|Fantasy
1303,"Man Who Would Be King, The (1975)",Adventure|Drama
1304,Butch Cassidy and the Sundance Kid (1969),Action|Western
1307,When Harry Met Sally... (1989),Comedy|Romance
1333,"Birds, The (1963)",Horror|Thriller
1343,Cape Fear (1991),Thriller
1344,Cape Fear (1962),Crime|Drama|Thriller
1345,Carrie (1976),Drama|Fantasy|Horror|Thriller
1348,"Nosferatu (Nosferatu, eine Symphonie des Grauens) (1922)",Horror
1350,"Omen, The (1976)",Horror|Mystery|Thriller
1353,"Mirror Has Two Faces, The (1996)",Comedy|Drama|Romance
1354,Breaking the Waves (1996),Drama|Mystery
1356,Star Trek: First Contact (1996),Action|Adventure|Sci-Fi|Thriller
1357,Shine (1996),Drama|Romance
1358,Sling Blade (1996),Drama
1361,Paradise Lost: The Child Murders at Robin Hood Hills (1996),Documentary
1363,"Preacher's Wife, The (1996)",Drama
1366,"Crucible, The (1996)",Drama
1367,101 Dalmatians (1996),Adventure|Children|Comedy
1372,Star Trek VI: The Undiscovered Country (1991),Action|Mystery|Sci-Fi
1374,Star Trek II: The Wrath of Khan (1982),Action|Adventure|Sci-Fi|Thriller
1376,Star Trek IV: The Voyage Home (1986),Adventure|Comedy|Sci-Fi
1377,Batman Returns (1992),Action|Crime
1380,Grease (1978),Comedy|Musical|Romance
1381,Grease 2 (1982),Comedy|Musical|Romance
1387,Jaws (1975),Action|Horror
1389,Jaws 3-D (1983),Action|Horror
1393,Jerry Maguire (1996),Drama|Romance
1394,Raising Arizona (1987),Comedy
1396,Sneakers (1992),Action|Comedy|Crime|Drama|Sci-Fi
1398,In Love and War (1996),Romance|War
1407,Scream (1996),Comedy|Horror|Mystery|Thriller
1408,"Last of the Mohicans, The (1992)",Action|Romance|War|Western
1411,Hamlet (1996),Crime|Drama|Romance
1413,"Whole Wide World, The (1996)",Drama
1416,Evita (1996),Drama|Musical
1423,Hearts and Minds (1996),Drama
1441,Benny & Joon (1993),Comedy|Romance
1446,Kolya (Kolja) (1996),Comedy|Drama
1449,Waiting for Guffman (1996),Comedy
1466,Donnie Brasco (1997),Crime|Drama
1474,Jungle2Jungle (a.k.a. Jungle 2 Jungle) (1997),Children|Comedy
1485,Liar Liar (1997),Comedy
1496,Anna Karenina (1997),Drama|Romance
1500,Grosse Pointe Blank (1997),Comedy|Crime|Romance
1513,Romy and Michele's High School Reunion (1997),Comedy
1537,Shall We Dance? (Shall We Dansu?) (1996),Comedy|Drama|Romance
1542,Brassed Off (1996),Comedy|Drama|Romance
1544,"Lost World: Jurassic Park, The (1997)",Action|Adventure|Sci-Fi|Thriller
1545,Ponette (1996),Drama
1569,My Best Friend's Wedding (1997),Comedy|Romance
1573,Face/Off (1997),Action|Crime|Drama|Thriller
1580,Men in Black (a.k.a. MIB) (1997),Action|Comedy|Sci-Fi
1586,G.I. Jane (1997),Action|Drama
1608,Air Force One (1997),Action|Thriller
1610,"Hunt for Red October, The (1990)",Action|Adventure|Thriller
1617,L.A. Confidential (1997),Crime|Film-Noir|Mystery|Thriller
1625,"Game, The (1997)",Drama|Mystery|Thriller
1635,"Ice Storm, The (1997)",Drama
1643,"Mrs. Brown (a.k.a. Her Majesty, Mrs. Brown) (1997)",Drama|Romance
1645,The Devil's Advocate (1997),Drama|Mystery|Thriller
1650,Washington Square (1997),Drama
1653,Gattaca (1997),Drama|Sci-Fi|Thriller
1663,Stripes (1981),Comedy|War
1672,"Rainmaker, The (1997)",Drama
1674,Witness (1985),Drama|Romance|Thriller
1680,Sliding Doors (1998),Drama|Romance
1682,"Truman Show, The (1998)",Comedy|Drama|Sci-Fi
1683,"Wings of the Dove, The (1997)",Drama|Romance
1704,Good Will Hunting (1997),Drama|Romance
1711,Midnight in the Garden of Good and Evil (1997),Crime|Drama|Mystery
1717,Scream 2 (1997),Comedy|Horror|Mystery|Thriller
1719,"Sweet Hereafter, The (1997)",Drama
1721,Titanic (1997),Drama|Romance
1726,"Postman, The (1997)",Action|Adventure|Drama|Sci-Fi
1732,"Big Lebowski, The (1998)",Comedy|Crime
1735,Great Expectations (1998),Drama|Romance
1748,Dark City (1998),Adventure|Film-Noir|Sci-Fi|Thriller
1777,"Wedding Singer, The (1998)",Comedy|Romance
1779,Sphere (1998),Sci-Fi|Thriller
1797,Everest (1998),Documentary|IMAX
1801,"Man in the Iron Mask, The (1998)",Action|Adventure|Drama
1810,Primary Colors (1998),Comedy|Drama
1834,"Spanish Prisoner, The (1997)",Crime|Drama|Mystery|Thriller
1836,"Last Days of Disco, The (1998)",Comedy|Drama
1893,Beyond Silence (Jenseits der Stille) (1996),Drama
1900,"Children of Heaven, The (Bacheha-Ye Aseman) (1997)",Comedy|Drama
1902,Dream for an Insomniac (1996),Drama|Romance
1909,"X-Files: Fight the Future, The (1998)",Action|Crime|Mystery|Sci-Fi|Thriller
1912,Out of Sight (1998),Comedy|Crime|Drama|Romance|Thriller
1913,Picnic at Hanging Rock (1975),Drama|Mystery
1916,Buffalo '66 (a.k.a. Buffalo 66) (1998),Drama|Romance
1917,Armageddon (1998),Action|Romance|Sci-Fi|Thriller
1921,Pi (1998),Drama|Sci-Fi|Thriller
1923,There's Something About Mary (1998),Comedy|Romance
1931,Mutiny on the Bounty (1935),Adventure|Drama
1938,"Lost Weekend, The (1945)",Drama
1940,Gentleman's Agreement (1947),Drama
1942,All the King's Men (1949),Drama
1945,On the Waterfront (1954),Crime|Drama
1947,West Side Story (1961),Drama|Musical|Romance
1948,Tom Jones (1963),Adventure|Comedy|Romance
1950,In the Heat of the Night (1967),Drama|Mystery
1951,Oliver! (1968),Drama|Musical
1952,Midnight Cowboy (1969),Drama
1953,"French Connection, The (1971)",Action|Crime|Thriller
1954,Rocky (1976),Drama
1955,Kramer vs. Kramer (1979),Drama
1957,Chariots of Fire (1981),Drama
1959,Out of Africa (1985),Drama|Romance
1960,"Last Emperor, The (1987)",Drama
1961,Rain Man (1988),Drama
1962,Driving Miss Daisy (1989),Drama
1975,Friday the 13th Part 2 (1981),Horror
1976,Friday the 13th Part 3: 3D (1982),Horror
1977,Friday the 13th Part IV: The Final Chapter (1984),Horror
1978,Friday the 13th Part V: A New Beginning (1985),Horror
1979,Friday the 13th Part VI: Jason Lives (1986),Horror
1983,Halloween II (1981),Horror
1984,Halloween III: Season of the Witch (1982),Horror
1994,Poltergeist (1982),Horror|Thriller
1995,Poltergeist II: The Other Side (1986),Horror|Thriller
1996,Poltergeist III (1988),Horror|Thriller
1997,"Exorcist, The (1973)",Horror|Mystery
2006,"Mask of Zorro, The (1998)",Action|Comedy|Romance
2011,Back to the Future Part II (1989),Adventure|Comedy|Sci-Fi
2019,Seven Samurai (Shichinin no samurai) (1954),Action|Adventure|Drama
2020,Dangerous Liaisons (1988),Drama|Romance
2022,"Last Temptation of Christ, The (1988)",Drama
2023,"Godfather: Part III, The (1990)",Crime|Drama|Mystery|Thriller
2028,Saving Private Ryan (1998),Action|Drama|War
2054,"Honey, I Shrunk the Kids (1989)",Adventure|Children|Comedy|Fantasy|Sci-Fi
2058,"Negotiator, The (1998)",Action|Crime|Drama|Mystery|Thriller
2059,"Parent Trap, The (1998)",Children|Comedy|Romance
2064,Roger & Me (1989),Documentary
2065,"Purple Rose of Cairo, The (1985)",Comedy|Drama|Fantasy|Romance
2066,Out of the Past (1947),Film-Noir
2070,Tender Mercies (1983),Drama|Romance|Western
2071,And the Band Played On (1993),Drama
2076,Blue Velvet (1986),Drama|Mystery|Thriller
2078,"Jungle Book, The (1967)",Animation|Children|Comedy|Musical
2080,Lady and the Tramp (1955),Animation|Children|Comedy|Romance
2085,101 Dalmatians (One Hundred and One Dalmatians) (1961),Adventure|Animation|Children
2097,Something Wicked This Way Comes (1983),Children|Drama|Fantasy|Mystery|Thriller
2100,Splash (1984),Comedy|Fantasy|Romance
2108,L.A. Story (1991),Comedy|Romance
2114,"Outsiders, The (1983)",Drama
2115,Indiana Jones and the Temple of Doom (1984),Action|Adventure|Fantasy
2116,"Lord of the Rings, The (1978)",Adventure|Animation|Children|Fantasy
2118,"Dead Zone, The (1983)",Thriller
2121,Cujo (1983),Horror|Thriller
2122,Children of the Corn (1984),Horror|Thriller
2124,"Addams Family, The (1991)",Children|Comedy|Fantasy
2138,Watership Down (1978),Adventure|Animation|Children|Drama|Fantasy
2139,"Secret of NIMH, The (1982)",Adventure|Animation|Children|Drama
2145,Pretty in Pink (1986),Comedy|Drama|Romance
2146,St. Elmo's Fire (1985),Drama|Romance
2160,Rosemary's Baby (1968),Drama|Horror|Thriller
2167,Blade (1998),Action|Horror|Thriller
2171,Next Stop Wonderland (1998),Comedy|Drama|Romance
2186,Strangers on a Train (1951),Crime|Drama|Film-Noir|Thriller
2187,Stage Fright (1950),Mystery|Romance|Thriller
2194,"Untouchables, The (1987)",Action|Crime|Drama
2202,Lifeboat (1944),Drama|War
2203,Shadow of a Doubt (1943),Crime|Drama|Thriller
2206,Suspicion (1941),Film-Noir|Mystery|Thriller
2208,"Lady Vanishes, The (1938)",Drama|Mystery|Thriller
2243,Broadcast News (1987),Comedy|Drama|Romance
2247,Married to the Mob (1988),Comedy
2248,Say Anything... (1989),Comedy|Drama|Romance
2249,My Blue Heaven (1990),Comedy
2268,"Few Good Men, A (1992)",Crime|Drama|Thriller
2291,Edward Scissorhands (1990),Drama|Fantasy|Romance
2295,"Impostors, The (1998)",Comedy
2296,"Night at the Roxbury, A (1998)",Comedy
2300,"Producers, The (1968)",Comedy
2302,My Cousin Vinny (1992),Comedy
2310,"Mighty, The (1998)",Drama
2312,Children of a Lesser God (1986),Drama
2313,"Elephant Man, The (1980)",Drama
2324,Life Is Beautiful (La Vita è bella) (1997),Comedy|Drama|Romance|War
2329,American History X (1998),Crime|Drama
2334,"Siege, The (1998)",Action|Thriller
2335,"Waterboy, The (1998)",Comedy
2336,Elizabeth (1998),Drama
2351,"Nights of Cabiria (Notti di Cabiria, Le) (1957)",Drama
2355,"Bug's Life, A (1998)",Adventure|Animation|Children|Comedy
2357,Central Station (Central do Brasil) (1998),Drama
2360,"Celebration, The (Festen) (1998)",Drama
2387,Very Bad Things (1998),Comedy|Crime
2390,Little Voice (1998),Comedy
2391,"Simple Plan, A (1998)",Crime|Drama|Thriller
2393,Star Trek: Insurrection (1998),Action|Drama|Romance|Sci-Fi
2394,"Prince of Egypt, The (1998)",Animation|Musical
2396,Shakespeare in Love (1998),Comedy|Drama|Romance
2410,Rocky III (1982),Action|Drama
2411,Rocky IV (1985),Action|Drama
2412,Rocky V (1990),Action|Drama
2420,"Karate Kid, The (1984)",Drama
2421,"Karate Kid, Part II, The (1986)",Action|Adventure|Drama
2422,"Karate Kid, Part III, The (1989)",Action|Adventure|Children|Drama
2423,Christmas Vacation (National Lampoon's Christmas Vacation) (1989),Comedy
2424,You've Got Mail (1998),Comedy|Romance
2431,Patch Adams (1998),Comedy|Drama
2442,Hilary and Jackie (1998),Drama
2463,Ruthless People (1986),Comedy
2467,"Name of the Rose, The (Name der Rose, Der) (1986)",Crime|Drama|Mystery|Thriller
2470,Crocodile Dundee (1986),Adventure|Comedy
2471,Crocodile Dundee II (1988),Action|Adventure|Comedy
2491,Simply Irresistible (1999),Comedy|Romance
2494,"Last Days, The (1998)",Documentary
2502,Office Space (1999),Comedy|Crime
2505,8MM (1999),Drama|Mystery|Thriller
2506,"Other Sister, The (1999)",Comedy|Drama|Romance
2517,Christine (1983),Horror
2529,Planet of the Apes (1968),Action|Drama|Sci-Fi
2550,"Haunting, The (1963)",Horror|Thriller
2553,Village of the Damned (1960),Horror|Sci-Fi|Thriller
2554,Children of the Damned (1963),Horror|Sci-Fi|Thriller
2565,"King and I, The (1956)",Drama|Musical|Romance
2571,"Matrix, The (1999)",Action|Sci-Fi|Thriller
2572,10 Things I Hate About You (1999),Comedy|Romance
2579,Following (1998),Crime|Mystery|Thriller
2581,Never Been Kissed (1999),Comedy|Romance
2583,Cookie's Fortune (1999),Comedy|Drama
2598,Pushing Tin (1999),Comedy
2600,eXistenZ (1999),Action|Sci-Fi|Thriller
2612,Mildred Pierce (1945),Drama|Film-Noir
2616,Dick Tracy (1990),Action|Crime
2628,Star Wars: Episode I - The Phantom Menace (1999),Action|Adventure|Sci-Fi
2640,Superman (1978),Action|Adventure|Sci-Fi
2641,Superman II (1980),Action|Sci-Fi
2642,Superman III (1983),Action|Adventure|Sci-Fi
2648,Frankenstein (1931),Drama|Horror|Sci-Fi
2660,"Thing from Another World, The (1951)",Horror|Sci-Fi
2662,"War of the Worlds, The (1953)",Action|Drama|Sci-Fi
2664,Invasion of the Body Snatchers (1956),Horror|Sci-Fi|Thriller
2677,Buena Vista Social Club (1999),Documentary|Musical
2692,Run Lola Run (Lola rennt) (1998),Action|Crime
2693,Trekkies (1997),Documentary
2694,Big Daddy (1999),Comedy
2699,Arachnophobia (1990),Comedy|Horror
2700,"South Park: Bigger, Longer and Uncut (1999)",Animation|Comedy|Musical
2706,American Pie (1999),Comedy|Romance
2710,"Blair Witch Project, The (1999)",Drama|Horror|Thriller
2712,Eyes Wide Shut (1999),Drama|Mystery|Thriller
2716,Ghostbusters (a.k.a. Ghost Busters) (1984),Action|Comedy|Sci-Fi
2717,Ghostbusters II (1989),Comedy|Fantasy|Sci-Fi
2719,"Haunting, The (1999)",Horror|Thriller
2723,Mystery Men (1999),Action|Comedy|Fantasy
2726,"Killing, The (1956)",Crime|Film-Noir
2728,Spartacus (1960),Action|Drama|Romance|War
2731,"400 Blows, The (Les quatre cents coups) (1959)",Crime|Drama
2745,"Mission, The (1986)",Drama
2750,Radio Days (1987),Comedy|Drama
2761,"Iron Giant, The (1999)",Adventure|Animation|Children|Drama|Sci-Fi
2762,"Sixth Sense, The (1999)",Drama|Horror|Mystery
2787,Cat's Eye (1985),Horror
2791,Airplane! (1980),Comedy
2797,Big (1988),Comedy|Drama|Fantasy|Romance
2801,Oscar and Lucinda (a.k.a. Oscar & Lucinda) (1997),Drama|Romance
2803,"Pelican Brief, The (1993)",Crime|Drama|Mystery|Romance|Thriller
2804,"Christmas Story, A (1983)",Children|Comedy
2827,"Astronaut's Wife, The (1999)",Horror|Sci-Fi|Thriller
2863,"Hard Day's Night, A (1964)",Adventure|Comedy|Musical
2871,Deliverance (1972),Adventure|Drama|Thriller
2872,Excalibur (1981),Adventure|Fantasy
2905,Sanjuro (Tsubaki Sanjûrô) (1962),Action|Adventure|Drama
2915,Risky Business (1983),Comedy
2918,Ferris Bueller's Day Off (1986),Comedy
2919,"Year of Living Dangerously, The (1982)",Drama|Romance|War
2927,Brief Encounter (1946),Drama|Romance
2935,"Lady Eve, The (1941)",Comedy|Romance
2937,"Palm Beach Story, The (1942)",Comedy
2940,Gilda (1946),Drama|Film-Noir|Mystery|Romance
2941,South Pacific (1958),Musical|Romance|War
2943,Indochine (1992),Drama|Romance
2951,"Fistful of Dollars, A (Per un pugno di dollari) (1964)",Action|Western
2952,Sydney (Hard Eight) (1996),Crime|Drama|Thriller
2953,Home Alone 2: Lost in New York (1992),Children|Comedy
2959,Fight Club (1999),Action|Crime|Drama|Thriller
2966,"Straight Story, The (1999)",Adventure|Drama
2967,"Bad Seed, The (1956)",Drama|Thriller
2968,Time Bandits (1981),Adventure|Comedy|Fantasy|Sci-Fi
2987,Who Framed Roger Rabbit? (1988),Adventure|Animation|Children|Comedy|Crime|Fantasy|Mystery
3000,Princess Mononoke (Mononoke-hime) (1997),Action|Adventure|Animation|Drama|Fantasy
3006,"Insider, The (1999)",Drama|Thriller
3007,American Movie (1999),Documentary
3011,"They Shoot Horses, Don't They? (1969)",Drama
3028,"Taming of the Shrew, The (1967)",Comedy
3030,Yojimbo (1961),Action|Adventure
3039,Trading Places (1983),Comedy
3040,Meatballs (1979),Comedy
3044,Dead Again (1991),Mystery|Romance|Thriller
3052,Dogma (1999),Adventure|Comedy|Fantasy
3060,"Commitments, The (1991)",Comedy|Drama|Musical
3071,Stand and Deliver (1988),Comedy|Drama
3072,Moonstruck (1987),Comedy|Romance
3077,42 Up (1998),Documentary
3081,Sleepy Hollow (1999),Fantasy|Horror|Mystery|Romance
3087,Scrooged (1988),Comedy|Fantasy|Romance
3095,"Grapes of Wrath, The (1940)",Drama
3097,"Shop Around the Corner, The (1940)",Comedy|Drama|Romance
3098,"Natural, The (1984)",Drama
3101,Fatal Attraction (1987),Drama|Thriller
3108,"Fisher King, The (1991)",Comedy|Drama|Fantasy|Romance
3111,Places in the Heart (1984),Drama
3114,Toy Story 2 (1999),Adventure|Animation|Children|Comedy|Fantasy
3115,Flawless (1999),Drama
3125,"End of the Affair, The (1999)",Drama
3134,Grand Illusion (La grande illusion) (1937),Drama|War
3135,"Great Santini, The (1979)",Drama
3147,"Green Mile, The (1999)",Crime|Drama
3152,"Last Picture Show, The (1971)",Drama
3160,Magnolia (1999),Drama
3174,Man on the Moon (1999),Comedy|Drama
3175,Galaxy Quest (1999),Adventure|Comedy|Sci-Fi
3176,"Talented Mr. Ripley, The (1999)",Drama|Mystery|Thriller
3178,"Hurricane, The (1999)",Drama
3181,Titus (1999),Drama
3186,"Girl, Interrupted (1999)",Drama
3192,"Terrorist, The (a.k.a. Malli) (Theeviravaathi) (1998)",Drama
3210,Fast Times at Ridgemont High (1982),Comedy|Drama|Romance
3211,"Cry in the Dark, A (1988)",Drama
3247,Sister Act (1992),Comedy|Crime
3250,Alive (1993),Drama
3258,Death Becomes Her (1992),Comedy|Fantasy
3259,Far and Away (1992),Adventure|Drama|Romance
3260,Howards End (1992),Drama
3263,White Men Can't Jump (1992),Comedy|Drama
3265,Hard-Boiled (Lat sau san taam) (1992),Action|Crime|Drama|Thriller
3266,Man Bites Dog (C'est arrivé près de chez vous) (1992),Comedy|Crime|Drama|Thriller
3270,"Cutting Edge, The (1992)",Comedy|Drama|Romance
3273,Scream 3 (2000),Comedy|Horror|Mystery|Thriller
3281,"Brandon Teena Story, The (1998)",Documentary
3306,"Circus, The (1928)",Comedy
3307,City Lights (1931),Comedy|Drama|Romance
3310,"Kid, The (1921)",Comedy|Drama
3317,Wonder Boys (2000),Comedy|Drama
3330,Splendor in the Grass (1961),Drama|Romance
3341,Born Yesterday (1950),Comedy
3360,Hoosiers (a.k.a. Best Shot) (1986),Drama|Romance
3384,"Taking of Pelham One Two Three, The (1974)",Action|Crime
3385,Volunteers (1985),Comedy
3386,JFK (1991),Drama|Mystery|Thriller
3408,Erin Brockovich (2000),Drama
3420,...And Justice for All (1979),Drama|Thriller
3421,Animal House (1978),Comedy
3424,Do the Right Thing (1989),Drama
3429,Creature Comforts (1989),Animation|Comedy
3435,Double Indemnity (1944),Crime|Drama|Film-Noir
3447,"Good Earth, The (1937)",Drama
3451,Guess Who's Coming to Dinner (1967),Drama
3461,Lord of the Flies (1963),Adventure|Drama|Thriller
3462,Modern Times (1936),Comedy|Drama|Romance
3468,"Hustler, The (1961)",Drama
3469,Inherit the Wind (1960),Drama
3475,"Place in the Sun, A (1951)",Drama|Romance
3481,High Fidelity (2000),Comedy|Drama|Romance
3489,Hook (1991),Adventure|Comedy|Fantasy
3498,Midnight Express (1978),Drama
3499,Misery (1990),Drama|Horror|Thriller
3502,My Life (1993),Drama
3504,Network (1976),Comedy|Drama
3507,"Odd Couple, The (1968)",Comedy
3512,Return to Me (2000),Drama|Romance
3515,Me Myself I (2000),Comedy|Romance
3526,Parenthood (1989),Comedy|Drama
3527,Predator (1987),Action|Sci-Fi|Thriller
3528,"Prince of Tides, The (1991)",Drama|Romance
3536,Keeping the Faith (2000),Comedy|Drama|Romance
3546,What Ever Happened to Baby Jane? (1962),Drama|Horror|Thriller
3548,Auntie Mame (1958),Comedy|Drama
3549,Guys and Dolls (1955),Comedy|Musical|Romance
3552,Caddyshack (1980),Comedy
3556,"Virgin Suicides, The (1999)",Drama|Romance
3559,Limelight (1952),Comedy|Drama|Romance
3566,"Big Kahuna, The (2000)",Comedy|Drama
3578,Gladiator (2000),Action|Adventure|Drama
3608,Pee-wee's Big Adventure (1985),Adventure|Comedy
3629,"Gold Rush, The (1925)",Adventure|Comedy|Romance
3671,Blazing Saddles (1974),Comedy|Western
3675,White Christmas (1954),Comedy|Musical|Romance
3676,Eraserhead (1977),Drama|Horror
3683,Blood Simple (1984),Crime|Drama|Film-Noir
3712,Soapdish (1991),Comedy
3723,Hamlet (1990),Drama
3724,Coming Home (1978),Drama|War
3730,"Conversation, The (1974)",Drama|Mystery
3735,Serpico (1973),Crime|Drama
3793,X-Men (2000),Action|Adventure|Sci-Fi
3801,Anatomy of a Murder (1959),Drama|Mystery
3811,Breaker Morant (1980),Drama|War
3816,"Official Story, The (La historia oficial) (1985)",Drama
3844,Steel Magnolias (1989),Drama
3849,The Spiral Staircase (1945),Horror|Mystery|Thriller
3859,"Eyes of Tammy Faye, The (2000)",Documentary
3877,Supergirl (1984),Action|Adventure|Fantasy
3897,Almost Famous (2000),Drama
3910,Dancer in the Dark (2000),Drama|Musical
3911,Best in Show (2000),Comedy
3932,"Invisible Man, The (1933)",Horror|Sci-Fi
3948,Meet the Parents (2000),Comedy
3949,Requiem for a Dream (2000),Drama
3951,Two Family House (2000),Drama
3967,Billy Elliot (2000),Drama
3983,You Can Count on Me (2000),Drama|Romance
3988,How the Grinch Stole Christmas (a.k.a. The Grinch) (2000),Children|Comedy|Fantasy
3994,Unbreakable (2000),Drama|Sci-Fi
3996,"Crouching Tiger, Hidden Dragon (Wo hu cang long) (2000)",Action|Drama|Romance
4007,Wall Street (1987),Drama
4012,Punchline (1988),Comedy|Drama
4015,"Dude, Where's My Car? (2000)",Comedy|Sci-Fi
4019,Finding Forrester (2000),Drama
4024,"House of Mirth, The (2000)",Romance
4025,Miss Congeniality (2000),Comedy|Crime
4027,"O Brother, Where Art Thou? (2000)",Adventure|Comedy|Crime
4029,State and Main (2000),Comedy|Drama
4034,Traffic (2000),Crime|Drama|Thriller
4046,Friendly Persuasion (1956),Drama
4077,"With a Friend Like Harry... (Harry, un ami qui vous veut du bien) (2000)",Drama|Thriller
4105,"Evil Dead, The (1981)",Fantasy|Horror|Thriller
4113,"Glass Menagerie, The (1987)",Drama
4117,Hope and Glory (1987),Drama
4138,My Demon Lover (1987),Comedy|Horror
4144,In the Mood For Love (Fa yeung nin wa) (2000),Drama|Romance
4160,"Widow of St. Pierre, The (Veuve de Saint-Pierre, La) (2000)",Drama|Romance
4164,"Caveman's Valentine, The (2001)",Drama
4166,Series 7: The Contenders (2001),Action|Drama
4171,Long Night's Journey Into Day (2000),Documentary
4174,Avalon (1990),Drama
4184,"Bishop's Wife, The (1947)",Comedy|Drama|Romance
4189,"Greatest Story Ever Told, The (1965)",Drama
4190,Elmer Gantry (1960),Drama
4191,Alfie (1966),Comedy|Drama|Romance
4204,Losin' It (1983),Comedy
4210,Manhunter (1986),Action|Crime|Drama|Horror|Thriller
4211,Reversal of Fortune (1990),Drama
4214,Revenge of the Nerds (1984),Comedy
4218,River's Edge (1986),Crime|Drama
4221,Necessary Roughness (1991),Comedy
4223,Enemy at the Gates (2001),Drama|War
4226,Memento (2000),Mystery|Thriller
4232,Spy Kids (2001),Action|Adventure|Children|Comedy
4246,Bridget Jones's Diary (2001),Comedy|Drama|Romance
4259,"Luzhin Defence, The (2000)",Drama|Romance
4262,Scarface (1983),Action|Crime|Drama
4263,Days of Wine and Roses (1962),Drama
4292,Norma Rae (1979),Drama
4296,Love Story (1970),Drama|Romance
4306,Shrek (2001),Adventure|Animation|Children|Comedy|Fantasy|Romance
4312,Himalaya (Himalaya - l'enfance d'un chef) (1999),Adventure|Drama
4316,Ice Castles (1978),Drama
4326,Mississippi Burning (1988),Crime|Drama|Thriller
4333,Throw Momma from the Train (1987),Comedy|Crime
4343,Evolution (2001),Comedy|Sci-Fi
4347,Divided We Fall (Musíme si pomáhat) (2000),Comedy|Drama
4356,Gentlemen Prefer Blondes (1953),Comedy|Musical|Romance
4359,"Seven Year Itch, The (1955)",Comedy
4361,Tootsie (1982),Comedy|Romance
4370,A.I. Artificial Intelligence (2001),Adventure|Drama|Sci-Fi
4380,"Princess and the Warrior, The (Krieger und die Kaiserin, Der) (2000)",Drama|Romance
4396,"Cannonball Run, The (1981)",Action|Comedy
4404,Faust (1926),Drama|Fantasy|Horror
4446,Final Fantasy: The Spirits Within (2001),Adventure|Animation|Fantasy|Sci-Fi
4447,Legally Blonde (2001),Comedy|Romance
4448,"Score, The (2001)",Action|Drama
4454,More (1998),Animation|Drama|Sci-Fi|IMAX
4465,"Accused, The (1988)",Drama
4476,Big Business (1988),Comedy
4477,Big Top Pee-Wee (1988),Adventure|Children|Comedy
4489,Coming to America (1988),Comedy|Romance
4495,Crossing Delancey (1988),Comedy|Romance
4526,My Stepmother Is an Alien (1988),Comedy|Romance|Sci-Fi
4537,Running on Empty (1988),Drama
4545,Short Circuit (1986),Comedy|Sci-Fi
4546,"Vanishing, The (Spoorloos) (1988)",Drama|Thriller
4552,"Tetsuo, the Ironman (Tetsuo) (1988)",Action|Horror|Sci-Fi|Thriller
4558,Twins (1988),Comedy
4571,Bill & Ted's Excellent Adventure (1989),Adventure|Comedy|Sci-Fi
4600,Gross Anatomy (a.k.a. A Cut Above) (1989),Comedy|Drama
4612,Jesus of Montreal (Jésus de Montréal) (1989),Drama
4621,Look Who's Talking (1989),Comedy|Romance
4623,Major League (1989),Comedy
4638,Jurassic Park III (2001),Action|Adventure|Sci-Fi|Thriller
4639,America's Sweethearts (2001),Comedy|Romance
4641,Ghost World (2001),Comedy|Drama
4677,Turner & Hooch (1989),Comedy|Crime
4678,UHF (1989),Comedy
4688,Black Robe (1991),Adventure|Drama
4708,Marat/Sade (1966),Drama|Musical
4725,Session 9 (2001),Horror|Thriller
4787,Little Man Tate (1991),Drama
4801,"Little Foxes, The (1941)",Drama
4808,"Vanishing, The (1993)",Mystery|Thriller
4809,Silkwood (1983),Drama
4812,SpaceCamp (1986),Adventure|Sci-Fi
4816,Zoolander (2001),Comedy
4823,Serendipity (2001),Comedy|Romance
4835,Coal Miner's Daughter (1980),Drama
4857,Fiddler on the Roof (1971),Drama|Musical
4874,K-PAX (2001),Drama|Fantasy|Mystery|Sci-Fi
4878,Donnie Darko (2001),Drama|Mystery|Sci-Fi|Thriller
4881,"Man Who Wasn't There, The (2001)",Crime|Drama
4896,Harry Potter and the Sorcerer's Stone (a.k.a. Harry Potter and the Philosopher's Stone) (2001),Adventure|Children|Fantasy
4902,"Devil's Backbone, The (Espinazo del diablo, El) (2001)",Drama|Fantasy|Horror|Thriller|War
4920,"Now, Voyager (1942)",Drama|Romance
4963,Ocean's Eleven (2001),Crime|Thriller
4969,And Then There Were None (1945),Crime|Mystery
4970,"Blue Angel, The (Blaue Engel, Der) (1930)",Drama
4973,"Amelie (Fabuleux destin d'Amélie Poulain, Le) (2001)",Comedy|Romance
4979,"Royal Tenenbaums, The (2001)",Comedy|Drama
4980,Bill & Ted's Bogus Journey (1991),Adventure|Comedy|Fantasy|Sci-Fi
4993,"Lord of the Rings: The Fellowship of the Ring, The (2001)",Adventure|Fantasy
4995,"Beautiful Mind, A (2001)",Drama|Romance
4998,"Defiant Ones, The (1958)",Adventure|Crime|Drama|Thriller
5008,Witness for the Prosecution (1957),Drama|Mystery|Thriller
5012,Yentl (1983),Drama|Musical|Romance
5015,Monster's Ball (2001),Drama|Romance
5034,"Truly, Madly, Deeply (1991)",Drama|Romance
5064,The Count of Monte Cristo (2002),Action|Adventure|Drama|Thriller
5088,"Going Places (Valseuses, Les) (1974)",Comedy|Crime|Drama
5114,"Bad and the Beautiful, The (1952)",Drama
5120,Sleuth (1972),Comedy|Mystery|Thriller
5135,Monsoon Wedding (2001),Comedy|Romance
5139,"Bad News Bears, The (1976)",Comedy
5213,"Oh, God! Book II (1980)",Comedy
5224,Promises (2001),Documentary
5238,Return of the Secaucus 7 (1980),Drama
5254,Blade II (2002),Action|Horror|Thriller
5266,Panic Room (2002),Thriller
5291,Rashomon (Rashômon) (1950),Crime|Drama|Mystery
5294,Frailty (2001),Crime|Drama|Thriller
5304,"Rome, Open City (a.k.a. Open City) (Roma, città aperta) (1945)",Drama|War
5316,Enigma (2001),Romance|Thriller
5349,Spider-Man (2002),Action|Adventure|Sci-Fi|Thriller
5353,Butterflies Are Free (1972),Comedy|Drama
5377,About a Boy (2002),Comedy|Drama|Romance
5379,"Believer, The (2001)",Drama
5388,Insomnia (2002),Action|Crime|Drama|Mystery|Thriller
5398,Requiem for a Heavyweight (1962),Drama
5404,84 Charing Cross Road (1987),Drama|Romance
5445,Minority Report (2002),Action|Crime|Mystery|Sci-Fi|Thriller
5446,Rabbit-Proof Fence (2002),Adventure|Drama
5450,Lovely & Amazing (2001),Comedy|Drama|Romance
5451,Pumpkin (2002),Comedy|Drama|Romance
5459,Men in Black II (a.k.a. MIIB) (a.k.a. MIB 2) (2002),Action|Comedy|Sci-Fi
5464,Road to Perdition (2002),Crime|Drama
5470,The Importance of Being Earnest (1952),Comedy|Romance
5475,Z (1969),Drama|Mystery|Thriller
5483,"Kid Stays in the Picture, The (2002)",Documentary
5498,Red Beard (Akahige) (1965),Drama
5502,Signs (2002),Horror|Sci-Fi|Thriller
5505,"Good Girl, The (2002)",Comedy|Drama
5527,Possession (2002),Drama|Romance
5528,One Hour Photo (2002),Drama|Thriller
5548,Down and Out in Beverly Hills (1986),Comedy
5577,Igby Goes Down (2002),Comedy|Drama
5601,"Yearling, The (1946)",Children|Drama
5603,"Lavender Hill Mob, The (1951)",Comedy|Crime
5618,Spirited Away (Sen to Chihiro no kamikakushi) (2001),Adventure|Animation|Fantasy
5629,Jonah: A VeggieTales Movie (2002),Animation|Children|Musical
5630,Red Dragon (2002),Crime|Mystery|Thriller
5633,Heaven (2002),Drama
5644,"Pride of the Yankees, The (1942)",Drama
5669,Bowling for Columbine (2002),Documentary
5673,Punch-Drunk Love (2002),Comedy|Drama|Romance
5682,"Grey Zone, The (2001)",Drama
5685,Real Women Have Curves (2002),Comedy|Drama
5690,Grave of the Fireflies (Hotaru no haka) (1988),Animation|Drama|War
5694,Staying Alive (1983),Comedy|Drama|Musical
5747,Gallipoli (1981),Drama|War
5791,Frida (2002),Drama|Romance
5792,Roger Dodger (2002),Comedy|Drama
5802,"World of Henry Orient, The (1964)",Comedy
5812,Far from Heaven (2002),Drama|Romance
5816,Harry Potter and the Chamber of Secrets (2002),Adventure|Fantasy
5820,Standing in the Shadows of Motown (2002),Documentary|Musical
5875,Personal Velocity (2002),Drama
5876,"Quiet American, The (2002)",Drama|Thriller|War
5878,Talk to Her (Hable con Ella) (2002),Drama|Romance
5899,Zulu (1964),Action|Drama|War
5952,"Lord of the Rings: The Two Towers, The (2002)",Adventure|Fantasy
5954,25th Hour (2002),Crime|Drama
5971,My Neighbor Totoro (Tonari no Totoro) (1988),Animation|Children|Drama|Fantasy
5989,Catch Me If You Can (2002),Crime|Drama
5991,Chicago (2002),Comedy|Crime|Drama|Musical
5994,Nicholas Nickleby (2002),Drama|Romance
5995,"Pianist, The (2002)",Drama|War
6002,Love Liza (2002),Drama
6003,Confessions of a Dangerous Mind (2002),Comedy|Crime|Drama|Thriller
6016,City of God (Cidade de Deus) (2002),Action|Adventure|Crime|Drama|Thriller
6020,Alice Adams (1935),Comedy|Drama
6027,Dogfight (1991),Drama|Romance
6031,Imitation of Life (1959),Drama|Romance
6041,Amen. (2002),Drama
6058,Final Destination 2 (2003),Horror|Thriller
6063,May (2002),Drama|Horror
6090,Kiss Me Goodbye (1982),Comedy
6101,Missing (1982),Drama|Mystery|Thriller
6104,Monty Python Live at the Hollywood Bowl (1982),Comedy
6107,"Night of the Shooting Stars (Notte di San Lorenzo, La) (1982)",Drama|War
6156,Shanghai Knights (2003),Action|Adventure|Comedy
6157,Daredevil (2003),Action|Crime
6159,All the Real Girls (2003),Drama|Romance
6163,He Loves Me... He Loves Me Not (À la folie... pas du tout) (2002),Romance|Thriller
6170,"Black Stallion, The (1979)",Adventure|Children|Drama
6178,"Patch of Blue, A (1965)",Drama|Romance
6181,"Red Badge of Courage, The (1951)",Drama|War
6183,Pillow Talk (1959),Comedy|Musical|Romance
6188,Old School (2003),Comedy
6195,Stone Reader (2002),Documentary
6197,Spider (2002),Drama|Mystery
6201,Lady Jane (1986),Drama|Romance
6214,Irreversible (Irréversible) (2002),Crime|Drama|Mystery|Thriller
6216,Nowhere in Africa (Nirgendwo in Afrika) (2001),Drama
6218,Bend It Like Beckham (2002),Comedy|Drama|Romance
6228,"Talk of the Town, The (1942)",Comedy|Romance|Thriller
6232,Born Free (1966),Adventure|Children|Drama
6235,Europa Europa (Hitlerjunge Salomon) (1990),Drama|War
6238,Green Card (1990),Comedy|Drama|Romance
6242,Ringu (Ring) (1998),Horror|Mystery|Thriller
6244,Salaam Bombay! (1988),Drama
6245,Sweet Charity (1969),Comedy|Drama|Musical|Romance
6254,"Awful Truth, The (1937)",Comedy|Romance
6268,Raising Victor Vargas (2002),Comedy|Drama|Romance
6269,Stevie (2002),Documentary
6273,In a Lonely Place (1950),Drama|Film-Noir|Mystery|Romance
6281,Phone Booth (2002),Drama|Thriller
6283,Cowboy Bebop: The Movie (Cowboy Bebop: Tengoku no Tobira) (2001),Action|Animation|Sci-Fi|Thriller
6286,"Man Without a Past, The (Mies vailla menneisyyttä) (2002)",Comedy|Crime|Drama
6288,Better Luck Tomorrow (2002),Crime|Drama
6289,Ghosts of the Abyss (2003),Documentary|IMAX
6290,House of 1000 Corpses (2003),Horror
6291,Lilya 4-Ever (Lilja 4-ever) (2002),Crime|Drama
6296,"Mighty Wind, A (2003)",Comedy|Musical
6297,Holes (2003),Adventure|Children|Comedy|Mystery
6299,"Winged Migration (Peuple migrateur, Le) (2001)",Documentary
6305,Fahrenheit 451 (1966),Drama|Sci-Fi
6308,Legal Eagles (1986),Comedy|Crime|Romance
6323,Identity (2003),Crime|Horror|Mystery|Thriller
6327,"Decade Under the Influence, A (2003)",Documentary
6331,Spellbound (2002),Documentary
