userId,movieId,tag,timestamp
336,1,pixar,1139045764
474,1,pixar,1137206825
567,1,fun,1525286013
62,2,fantasy,1528843929
62,2,magic board game,1528843932
62,2,Robin Williams,1528843907
474,2,game,1137375552
289,3,moldy,1143424860
289,3,old,1143424860
474,5,pregnancy,1137373903
474,5,remake,1137373903
474,7,remake,1137375642
474,11,politics,1137374904
474,11,president,1137374904
474,14,politics,1137375623
474,14,president,1137375623
474,16,Mafia,1137181640
474,17,Jane Austen,1137181153
474,21,Hollywood,1137206178
474,22,serial killer,1137375496
474,25,alcoholism,1138137555
474,26,Shakespeare,1138137603
474,28,In Netflix queue,1137201942
474,28,Jane Austen,1137180037
474,29,kidnapping,1138137473
474,31,high school,1137375502
474,31,teacher,1137375502
424,32,time travel,1457901872
474,32,time travel,1137206826
477,32,Brad Pitt,1242494310
477,32,Bruce Willis,1242494306
477,32,mindfuck,1242494321
477,32,Post apocalyptic,1242494300
477,32,post-apocalyptic,1242494300
477,32,remake,1242494315
477,32,time travel,1242494304
477,32,twist ending,1242494302
474,34,Animal movie,1137180956
474,34,pigs,1137205237
477,34,villain nonexistent or not needed for good story,1244787845
474,36,death penalty,1137202363
474,36,Nun,1137191227
474,38,twins,1137373760
357,39,chick flick,1348627867
357,39,funny,1348627869
357,39,Paul Rudd,1348627871
357,39,quotable,1348627873
357,39,seen more than once,1348627878
474,39,Emma,1138137492
474,39,Jane Austen,1138137492
474,40,In Netflix queue,1137202107
474,40,South Africa,1137202107
474,41,Shakespeare,1138137646
474,43,England,1138137640
474,45,Journalism,1137206826
474,46,wedding,1137375539
424,47,mystery,1457842470
424,47,twist ending,1457842458
474,47,serial killer,1137206452
424,50,mindfuck,1457842328
424,50,suspense,1457842315
424,50,thriller,1457842332
424,50,tricky,1457842340
424,50,twist ending,1457842306
474,50,heist,1137206826
474,52,adoption,1137206315
474,52,prostitution,1137206371
474,58,writing,1138137613
474,62,music,1137374957
474,92,Jekyll and Hyde,1138137574
474,96,theater,1138137537
474,101,crime,1138137460
567,101,off-beat comedy,1525287216
567,101,quirky,1525287214
167,104,test tag,1154718872
474,104,golf,1137374014
477,104,Adam Sandler,1244787691
474,107,muppets,1137375573
62,110,beautiful scenery,1528152541
62,110,epic,1528152532
62,110,historical,1528152523
62,110,inspirational,1528152527
62,110,Medieval,1528152528
62,110,mel gibson,1528152521
62,110,Oscar (Best Cinematography),1528152539
62,110,revenge,1528152531
62,110,sword fight,1528152535
474,110,Scotland,1137180974
474,111,assassination,1137206513
474,116,Holocaust,1138040398
474,122,dating,1137373679
474,140,journalism,1137375031
424,147,addiction,1457901627
424,147,heroin,1457901631
424,147,Leonardo DiCaprio,1457901625
424,147,Mark Wahlberg,1457901624
474,150,moon,1137205234
474,150,NASA,1137180977
474,150,space,1137205233
336,153,superhero,1139045840
474,153,superhero,1137375453
474,160,Michael Crichton,1137373726
474,161,submarine,1138137497
474,162,In Netflix queue,1137202038
424,175,controversial,1457901665
424,175,New York City,1457901671
424,175,Nudity (Full Frontal),1457901668
474,185,computers,1137375604
474,199,Made me cry,1137203124
474,215,generation X,1138040410
474,216,school,1137373675
477,216,Adam Sandler,1244787718
477,216,stop looking at me swan,1244787726
474,222,Ireland,1137181644
424,223,cynical,1457844066
424,223,hilarious,1457844086
424,223,independent film,1457844084
424,223,quirky,1457844073
424,223,witty,1457844080
474,223,generation X,1138137480
474,224,mental illness,1138137516
474,224,psychology,1138137516
474,230,Stephen King,1138137506
474,232,In Netflix queue,1137201027
474,235,movie business,1137181651
474,237,basketball,1138137528
474,237,France,1138137528
474,237,infertility,1138137528
474,246,basketball,1137784780
474,247,Australia,1137181666
573,248,bad,1186589145
573,248,Sinbad,1186589145
474,249,Beethoven,1137181672
474,252,Einstein,1137374021
474,257,court,1137375555
63,260,classic,1443199698
63,260,space action,1443199710
76,260,action,1439165594
76,260,sci-fi,1439165588
103,260,EPIC,1431954312
103,260,great soundtrack,1431954337
112,260,classic sci-fi,1442535682
112,260,engrossing adventure,1442535673
112,260,EPIC,1442535666
119,260,classic,1435942530
119,260,Nerd,1435942520
193,260,classic sci-fi,1435856940
193,260,space action,1435856955
193,260,space epic,1435856950
205,260,oldie but goodie,1519899101
205,260,sci-fi,1519899078
205,260,Star Wars,1519899108
341,260,ROBOTS AND ANDROIDS,1439750956
341,260,space,1439750961
424,260,classic sci-fi,1457900772
424,260,sci-fi,1457900766
424,260,space adventure,1457900770
424,260,Star Wars,1457900775
474,260,darth vader,1137206494
474,260,luke skywalker,1137206496
474,260,space opera,1137206504
474,261,Louisa May Alcott,1137181688
474,262,England,1137206203
474,262,Girl Power,1137206203
474,262,India,1137206203
474,272,England,1138137566
474,272,mental illness,1138137566
600,273,gothic,1237739064
474,277,Christmas,1137374027
474,279,In Netflix queue,1137202159
474,280,prison,1137375585
474,282,disability,1137375594
474,282,twins,1137375594
424,288,brutality,1457846184
424,288,controversial,1457846195
424,288,dark comedy,1457846180
424,288,psychedelic,1457846191
424,288,satire,1457846198
424,288,stylized,1457846189
474,290,In Netflix queue,1137201907
166,293,assassin,1188774484
166,293,Jean Reno,1188774487
474,293,hit men,1138137619
599,293,Action,1498456142
599,293,assassin,1498456106
599,293,assassination,1498456192
599,293,assassins,1498456184
599,293,awkward romance,1498456167
599,293,corruption,1498456155
599,293,crime,1498456141
599,293,disturbing,1498456144
599,293,drama,1498456149
599,293,French,1498456150
599,293,friendship,1498456139
599,293,Gary Oldman,1498456130
599,293,great acting,1498456128
599,293,Guns,1498456179
599,293,hit men,1498456165
599,293,hitman,1498456113
599,293,humorous,1498456177
599,293,imdb top 250,1498456175
599,293,Jean Reno,1498456121
599,293,Lolita theme,1498456188
599,293,loneliness,1498456186
599,293,love story,1498456132
599,293,Luc Besson,1498456137
599,293,Natalie Portman,1498456126
599,293,organized crime,1498456152
599,293,police,1498456181
599,293,police corruption,1498456159
599,293,quirky,1498456135
599,293,sniper,1498456182
599,293,tense,1498456190
599,293,touching,1498456147
599,293,unique,1498456157
103,296,good dialogue,1431954555
103,296,great soundtrack,1431954555
103,296,non-linear,1431954555
424,296,cult film,1457844546
424,296,drugs,1457844550
424,296,Quentin Tarantino,1457844541
424,296,Tarantino,1457844557
474,296,hit men,1137205001
599,296,1990s,1498456537
599,296,achronological,1498456475
599,296,action,1498456356
599,296,action packed,1498456535
599,296,aggressive,1498456533
599,296,amazing,1498456678
599,296,amazing dialogues,1498456473
599,296,anthology,1498456531
599,296,assassin,1498456382
599,296,atmospheric,1498456376
599,296,AWESOME,1498456559
599,296,bad ass,1498456471
599,296,bad language,1498456469
599,296,bad-ass,1498456676
599,296,bible,1498456675
599,296,biblical references,1498456529
599,296,big boys with guns,1498456673
599,296,big name actors,1498456671
599,296,Black comedy,1498456350
599,296,black humor,1498456481
599,296,black humour,1498456670
599,296,blood,1498456448
599,296,blood splatters,1498456467
599,296,bloody,1498456431
599,296,bruce willis,1498456352
599,296,brutality,1498456543
599,296,casual violence,1498456669
599,296,character development,1498456527
599,296,characters,1498456466
599,296,classic,1498456360
599,296,classic movie,1498456667
599,296,coke,1498456666
599,296,comedy,1498456378
599,296,conversation,1498456524
599,296,cool,1498456405
599,296,cool style,1498456664
599,296,crime,1498456353
599,296,crime scene scrubbing,1498456663
599,296,cult,1498456391
599,296,cult classic,1498456522
599,296,cult film,1498456345
599,296,dance,1498456661
599,296,dancing,1498456464
599,296,dark,1498456404
599,296,dark comedy,1498456339
599,296,dark humor,1498456385
599,296,dialogue,1498456395
599,296,different,1498456660
599,296,diner,1498456658
599,296,disjointed timeline,1498456444
599,296,disturbing,1498456521
599,296,drama,1498456561
599,296,drug overdose,1498456656
599,296,drugs,1498456348
599,296,drugs & music,1498456655
599,296,ensemble cast,1498456419
599,296,entertaining,1498456519
599,296,entirely dialogue,1498456429
599,296,episodic,1498456517
599,296,exciting,1498456427
599,296,fast paced,1498456436
599,296,fast-paced,1498456515
599,296,film noir,1498456653
599,296,film-noir,1498456622
599,296,foul language,1498456686
599,296,fun,1498456421
599,296,funny,1498456383
599,296,gangster,1498456389
599,296,gangsters,1498456406
599,296,genius,1498456589
599,296,golden watch,1498456513
599,296,good dialogue,1498456372
599,296,good music,1498456396
599,296,gore,1498456511
599,296,great acting,1498456509
599,296,great dialogue,1498456402
599,296,great soundtrack,1498456380
599,296,gritty,1498456426
599,296,guns,1498456450
599,296,Harvey Keitel,1498456684
599,296,heroin,1498456483
599,296,Highly quotable,1498456400
599,296,hit men,1498456412
599,296,hitman,1498456505
599,296,homosexuality,1498456562
599,296,humour,1498456564
599,296,iconic,1498456488
599,296,imdb top 250,1498456388
599,296,innovative,1498456490
599,296,intellectual,1498456565
599,296,intelligent,1498456462
599,296,intense,1498456411
599,296,interesting,1498456541
599,296,intertwining storylines,1498456460
599,296,interwoven storylines,1498456567
599,296,ironic,1498456491
599,296,irony,1498456458
599,296,John Travolta,1498456374
599,296,killer-as-protagonist,1498456494
599,296,los angeles,1498456569
599,296,Mafia,1498456414
599,296,masterpiece,1498456371
599,296,meaningless violence,1498456571
599,296,milkshake,1498456572
599,296,mobster,1498456574
599,296,mobsters,1498456575
599,296,monologue,1498456577
599,296,motherfucker,1498456497
599,296,multiple stories,1498456498
599,296,multiple storylines,1498456343
599,296,neo-noir,1498456486
599,296,noir,1498456408
599,296,non-linear,1498456367
599,296,non-linear timeline,1498456578
599,296,nonlinear,1498456341
599,296,nonlinear narrative,1498456457
599,296,nonlinear storyline,1498456580
599,296,nonlinear timeline,1498456581
599,296,notable soundtrack,1498456393
599,296,offensive,1498456583
599,296,organised crime,1498456585
599,296,organized crime,1498456363
599,296,original,1498456479
599,296,original plot,1498456455
599,296,out of order,1498456586
599,296,Palme d'Or,1498456690
599,296,parody,1498456591
599,296,philosophical,1498456500
599,296,pop culture references,1498456478
599,296,psychological,1498456593
599,296,pulp,1498456484
599,296,Quentin Tarantino,1498456338
599,296,quirky,1498456364
599,296,Quotable,1498456446
599,296,r:disturbing violent content including rape,1498456502
599,296,r:disturbing violent images,1498456595
599,296,r:graphic sexuality,1498456597
599,296,r:some violence,1498456599
599,296,r:strong bloody violence,1498456601
599,296,r:strong language,1498456452
599,296,r:sustained strong stylized violence,1498456603
599,296,r:violence,1498456424
599,296,random,1498456503
599,296,rape,1498456417
599,296,retro,1498456442
599,296,Roger Avary,1498456682
599,296,royal with cheese,1498456610
599,296,Samuel L. Jackson,1498456342
599,296,sarcasm,1498456612
599,296,satire,1498456614
599,296,sexy,1498456615
599,296,smart writing,1498456617
599,296,sophisticated,1498456618
599,296,soundtrack,1498456439
599,296,splatter,1498456620
599,296,Steve Buscemi,1498456694
599,296,storytelling,1498456375
599,296,stylish,1498456398
599,296,stylized,1498456354
599,296,suspense,1498456680
599,296,Tarantino,1498456358
599,296,thought-provoking,1498456638
599,296,thriller,1498456415
599,296,travolta,1498456539
599,296,twist ending,1498456639
599,296,Uma Thurman,1498456370
599,296,unique,1498456641
599,296,unpredictable,1498456476
599,296,unusual,1498456642
599,296,very funny,1498456434
599,296,violence,1498456347
599,296,violent,1498456366
599,296,witty,1498456437
474,300,TV,1137206376
474,307,Death,1137203087
474,308,marriage,1137206827
567,308,cynical,1525287798
474,316,time travel,1138137673
474,317,Christmas,1137374047
474,318,prison,1137205060
474,318,Stephen King,1137181171
474,318,wrongful imprisonment,1137205064
477,318,Morgan Freeman,1244566076
474,326,In Netflix queue,1137201797
474,329,Enterprise,1137206491
474,337,mental illness,1137206828
474,338,serial killer,1137375662
474,339,coma,1138137781
474,342,Australia,1138137593
474,342,weddings,1138137593
474,345,cross dressing,1138040381
474,345,men in drag,1138040381
474,345,remade,1138040381
474,349,Tom Clancy,1137180961
474,350,John Grisham,1137375482
474,351,interracial romance,1137374008
474,356,shrimp,1137375519
474,356,Vietnam,1137375519
533,356,bubba gump shrimp,1424753866
533,356,lieutenant dan,1424753866
533,356,stupid is as stupid does,1424753866
567,356,bittersweet,1525287545
567,356,emotional,1525287537
567,356,heartwarming,1525287541
567,356,touching,1525287539
474,357,wedding,1137375527
474,361,gambling,1138137551
474,363,Holocaust,1137202123
474,363,In Netflix queue,1137202123
319,364,Disney,1461351898
319,364,Disney animated feature,1461351908
319,364,Oscar (Best Music - Original Score),1461351919
424,364,soundtrack,1457845497
474,364,Disney,1137180959
474,371,journalism,1137375629
474,377,bus,1137206476
474,380,spies,1137206826
474,381,alcoholism,1137375043
62,410,black comedy,1525636607
62,410,Christina Ricci,1525636685
62,410,Christopher Lloyd,1525636622
62,410,dark comedy,1525636610
62,410,family,1525636708
62,410,gothic,1525636609
474,412,Edith Wharton,1137181633
573,413,Comedy,1186588856
474,421,horses,1138040415
474,425,mental illness,1138040434
474,425,Oscar (Best Actress),1138040434
18,431,Al Pacino,1462138765
18,431,gangster,1462138749
18,431,mafia,1462138755
474,440,President,1137191329
474,454,John Grisham,1137181658
474,457,based on a TV show,1137784717
474,471,hula hoop,1137375547
474,474,assassination,1138137543
474,475,Ireland,1137181677
474,477,biopic,1138137776
474,480,Dinosaur,1137202921
474,488,Japan,1137375570
474,488,sexuality,1137375570
474,497,Shakespeare,1137181143
474,500,cross dressing,1137374959
474,500,divorce,1137374961
474,500,men in drag,1137374967
474,508,AIDs,1137375634
474,513,radio,1138137637
474,513,show business,1138137637
474,515,Butler,1137202599
474,515,Housekeeper,1137202599
474,516,military,1137374250
474,522,Australia,1138137660
474,522,racism,1138137660
474,522,violence,1138137660
474,524,football,1137375002
289,527,moving,1143424895
424,527,thought-provoking,1457901041
474,527,Holocaust,1137180970
537,527,based on a true story,1424142072
537,527,biography,1424142112
537,527,disturbing,1424142113
537,527,holocaust,1424142110
474,529,chess,1137181705
474,531,In Netflix queue,1137201896
474,534,C.S. Lewis,1137181163
474,535,large cast,1137206471
474,538,race,1138137665
474,539,Empire State Building,1137203041
573,540,bad,1186588897
424,541,sci-fi,1457900918
474,541,robots,1137375464
477,541,androids,1262795764
477,541,artificial intelligence,1262795769
477,541,atmospheric,1262795768
477,541,cyberpunk,1262795770
477,541,future,1262795772
477,541,mindfuck,1262795778
477,541,Philip K. Dick,1262795776
567,541,atmospheric,1525286590
567,541,dreamlike,1525286588
567,541,existentialism,1525286583
567,541,philosophical,1525286586
474,543,beat poetry,1137203057
474,551,Christmas,1137375615
474,551,Halloween,1137375615
336,552,knights,1139045825
474,556,politics,1137375666
474,562,adolescence,1137206827
474,586,christmas,1137374182
474,587,overrated,1137180951
474,588,Disney,1137180971
424,589,apocalypse,1457844854
424,589,Arnold Schwarzenegger,1457844841
424,589,nuclear war,1457844861
424,589,sci-fi,1457844847
424,589,Suspense,1457844864
424,589,time travel,1457844843
474,589,robots,1137206517
477,589,Scifi masterpiece,1201166474
474,590,American Indians,1137180976
474,590,Native Americans,1137180976
474,592,superhero,1137206164
474,593,Hannibal Lector,1137180982
477,593,disturbing,1241396359
477,593,drama,1241396391
477,593,gothic,1241396378
477,593,psychology,1241396367
477,593,suspense,1241396389
474,594,Disney,1137375648
474,595,Disney,1137180963
474,596,Disney,1137374224
474,597,prostitution,1137206324
424,608,based on a true story,1457900882
424,608,dark comedy,1457900870
424,608,KIDNAPPING,1457900877
424,608,Steve Buscemi,1457900865
474,608,Coen Brothers,1137180968
474,616,Disney,1138040401
424,628,edward norton,1457843774
424,628,psychology,1457843776
424,628,suspense,1457843782
424,628,thought-provoking,1457843780
424,628,twist ending,1457843771
474,628,priest,1137375884
474,638,babies,1137375798
474,647,Gulf War,1137375718
474,648,based on a TV show,1138137584
474,668,India,1138137607
474,670,India,1137181320
474,671,spoof,1138137597
474,673,Bugs Bunny,1137373978
573,707,bad,1186588902
474,708,Veterinarian,1137203107
474,720,Aardman,1137206828
474,728,In Netflix queue,1137202096
474,733,Alcatraz,1137206418
477,733,Michael Bay,1241938858
477,733,terrorism,1241938853
474,736,Disaster,1137180960
474,745,Aardman,1137206827
474,748,aliens,1138137820
435,750,dark comedy,1366676044
474,750,Atomic bomb,1137202888
477,750,black comedy,1242494959
477,750,dark comedy,1242494953
477,750,satire,1242494951
513,750,purity of essence,1159980456
513,750,Slim Pickens,1159980456
567,750,black comedy,1525287727
567,750,dark comedy,1525287724
567,750,Quirky,1525287729
318,778,based on a book,1266408710
318,778,dark comedy,1266408707
318,778,narrated,1266408703
474,778,drug abuse,1137191490
474,780,aliens,1137206181
474,800,In Netflix queue,1137201974
474,805,John Grisham,1137375969
474,818,based on a TV show,1137375996
474,830,adultery,1137374123
474,832,kidnapping,1137374242
477,832,GIVE ME BACK MY SON!,1269832636
477,832,It was melodramatic and kind of dumb,1269832633
477,832,Mel Gibson,1269832629
573,836,seen at the cinema,1186588944
474,838,Jane Austen,1137375748
474,852,golf,1137374262
474,858,Mafia,1137180955
474,892,Shakespeare,1137375988
474,898,divorce,1137206322
474,899,movie business,1137181713
474,900,France,1138137809
474,902,Capote,1138137849
474,903,falling,1137205255
477,903,Alfred Hitchcock,1242577125
477,903,Atmospheric,1242577135
477,903,imdb top 250,1242577117
477,903,James Stewart,1242577112
474,904,voyeurism,1137206380
477,904,imdb top 250,1242577077
477,904,James Stewart,1242577056
477,904,mystery,1242577064
477,904,photographer,1242577068
477,904,photography,1242577070
474,905,Screwball,1137202499
474,906,Brooch,1137191231
474,907,divorce,1137375780
474,908,Mount Rushmore,1138137968
477,908,Alfred Hitchcock,1242577097
477,908,imdb top 250,1242577100
474,909,adultery,1137206162
474,910,men in drag,1137191481
474,911,heist,1138306780
474,912,start of a beautiful friendship,1137202319
474,913,statue,1137206229
474,914,George Bernard Shaw,1137202973
474,915,rich guy - poor girl,1137206449
474,916,Italy,1137206429
474,916,royalty,1137206429
474,918,1900s,1138137949
474,919,Dorothy,1137205270
474,919,Toto,1137205270
474,920,Civil War,1137374145
474,921,television,1137375857
474,922,movies,1137207406
477,922,eerie,1245030098
477,922,movie business,1245030089
474,923,Rosebud,1137202868
474,924,Hal,1137368035
474,924,space,1137368035
599,924,aliens,1498456783
599,924,apes,1498456822
599,924,Arthur C. Clarke,1498456786
599,924,artificial intelligence,1498456752
599,924,atmospheric,1498456757
599,924,cinematography,1498456766
599,924,classic,1498456774
599,924,computer,1498456793
599,924,confusing ending,1498456779
599,924,cult film,1498456771
599,924,Dull,1498456811
599,924,future,1498456770
599,924,futuristic,1498456776
599,924,imdb top 250,1498456804
599,924,masterpiece,1498456762
599,924,meditative,1498456768
599,924,music,1498456773
599,924,mystery,1498456802
599,924,Oscar (Best Effects - Visual Effects),1498456791
599,924,overrated,1498456813
599,924,philosophical,1498456759
599,924,relaxing,1498456798
599,924,revolutionary,1498456794
599,924,robots,1498456781
599,924,sci-fi,1498456751
599,924,setting:space/space ship,1498456796
599,924,slow,1498456765
599,924,slow paced,1498456806
599,924,soundtrack,1498456785
599,924,space,1498456756
599,924,space travel,1498456790
599,924,spacecraft,1498456788
599,924,Stanley Kubrick,1498456754
599,924,superb soundtrack,1498456825
599,924,surreal,1498456763
599,924,technology,1498456827
599,924,tedious,1498456814
599,924,visual,1498456799
599,924,visually appealing,1498456760
474,926,Hollywood,1137202821
474,927,divorce,1137368140
474,928,Mrs. DeWinter,1137202590
474,929,Europe,1140441887
474,929,journalism,1140441887
474,929,war,1140441887
474,930,assassination,1137207035
474,931,amnesia,1138137999
474,934,wedding,1137375767
474,936,Cold War,1137521228
474,936,Russia,1137521228
474,938,prostitution,1137374937
474,940,swashbuckler,1138137798
474,941,swashbuckler,1138137943
474,943,ghosts,1138306878
474,944,Shangri-La,1137207008
474,945,Astaire and Rogers,1137181301
474,947,butler,1137521096
474,947,homeless,1137521096
474,947,screwball,1137521103
474,948,oil,1137206938
474,950,Nick and Nora Charles,1137200994
474,951,Screwball,1137202906
474,952,race,1137375685
474,953,Christmas,1138137927
474,954,Politics,1137202956
474,955,leopard,1137368052
474,955,screwball,1137368052
474,956,adoption,1137207058
474,965,fugitive,1137206861
474,968,zombies,1137181787
474,969,missionary,1137202249
474,970,crime,1138306770
474,971,Tennessee Williams,1138137870
474,973,journalism,1138306956
474,976,Hemingway,1137375762
474,986,Animal movie,1137181755
474,991,Ireland,1137375821
474,994,food,1138137832
474,1006,death penalty,1138137880
474,1006,John Grisham,1138137880
474,1010,Disney,1137375809
474,1010,race,1137375809
474,1013,twins,1137375864
474,1022,Disney,1137181749
474,1025,Disney,1137375959
474,1025,King Arthur,1137375959
474,1028,Disney,1137375815
474,1028,nanny,1137375815
474,1029,Disney,1137375741
474,1030,Disney,1137374219
474,1032,Disney,1137374073
474,1033,Disney,1137202900
474,1035,Rogers and Hammerstein,1137181179
474,1041,In Netflix queue,1137201463
474,1042,Music,1137203070
357,1059,Amazing Cinematography,1348627235
357,1059,Leonardo DiCaprio,1348627233
357,1059,shakespeare,1348627264
357,1059,updated classics,1348627243
474,1059,Shakespeare,1137181313
474,1066,Astaire and Rogers,1137181830
474,1068,anti-Semitism,1138306851
474,1079,fish,1137202895
474,1080,Bible,1137375841
474,1080,parody,1137375841
474,1080,religion,1137375841
474,1081,cross dressing,1138138013
474,1082,politics,1138137861
474,1084,1920s,1138137844
474,1084,gangsters,1138137844
474,1088,dance,1138306856
474,1088,music,1138306856
424,1089,ensemble cast,1457844739
424,1089,nonlinear,1457844742
424,1089,Quentin Tarantino,1457844729
424,1089,stylized,1457844737
474,1089,heist,1137207100
474,1089,violence,1137207100
477,1089,humorous,1242494883
477,1089,neo-noir,1242494879
477,1089,Quentin Tarantino,1242494874
477,1089,religion,1242494896
477,1089,Tarantino,1242494887
474,1090,Vietnam,1138137990
474,1093,1960s,1137375736
474,1093,Jim Morrison,1137375736
474,1093,music,1137375736
474,1096,Holocaust,1137375015
474,1097,aliens,1137521204
289,1101,predictable,1143424846
474,1101,Navy,1138138004
474,1103,1950s,1137207088
474,1103,adolescence,1137207088
474,1104,Tennessee Williams,1137207146
424,1120,freedom of expression,1457845558
474,1124,aging,1137207041
474,1125,Clousseau,1137375898
474,1135,military,1137374233
424,1136,british comedy,1457901498
424,1136,Monty Python,1457901496
474,1136,England,1137202949
474,1136,King Arthur,1137202949
474,1147,boxing,1137201093
474,1147,In Netflix queue,1137201093
474,1148,Aardman,1137368133
474,1171,politics,1137181738
474,1177,Italy,1137191228
474,1178,court,1137521169
474,1178,military,1137521169
474,1179,crime,1138306883
474,1183,adultery,1137374103
474,1185,In Netflix queue,1137201055
474,1187,disability,1137207053
474,1188,Australia,1137202649
474,1188,dance,1137202649
474,1189,In Netflix queue,1137201133
474,1189,police,1137201133
424,1193,emotional,1457843688
424,1193,jack nicholson,1457843684
474,1193,mental illness,1138137985
474,1196,I am your father,1137202639
474,1196,space,1137205077
474,1196,space opera,1137205075
477,1196,classic,1262795806
477,1196,George Lucas,1262795793
477,1196,Harrison Ford,1262795792
477,1196,music,1262795815
477,1196,original plot,1262795808
477,1196,sci-fi,1262795797
477,1196,sequel,1262795800
474,1197,Inigo Montoya,1137202999
474,1197,six-fingered man,1137202999
424,1198,adventure,1457901129
424,1198,archaeology,1457901464
424,1198,indiana jones,1457901132
424,1198,Steven Spielberg,1457901466
424,1198,treasure hunt,1457901471
474,1198,archaeology,1137784496
474,1198,ark of the covenant,1137207066
474,1198,indiana jones,1137207064
424,1200,action,1457901258
424,1200,aliens,1457901252
424,1200,horror,1457901265
424,1200,sci-fi,1457901245
424,1200,space,1457901261
424,1200,space craft,1457901274
424,1200,SPACE TRAVEL,1457901269
424,1200,suspense,1457901256
474,1200,space,1138137801
474,1201,spaghetti western,1138137912
474,1203,court,1137206845
567,1203,claustrophobic,1525283652
567,1203,confrontational,1525283610
567,1203,earnest,1525283658
567,1203,good dialogue,1525283605
567,1203,great screenplay,1525283612
567,1203,gritty,1525283636
567,1203,Motivational,1525283631
567,1203,thought-provoking,1525283607
474,1204,Middle East,1137206997
474,1206,brainwashing,1138137889
474,1207,Harper Lee,1137191542
474,1207,racism,1137191542
474,1208,Vietnam,1138137816
474,1209,spaghetti western,1138137976
474,1210,darth vader,1137207127
474,1210,luke skywalker,1137207127
474,1210,space opera,1137207127
474,1212,ferris wheel,1137201067
474,1212,Venice,1143683500
474,1212,zither,1143683500
474,1213,Mafia,1138137920
474,1214,aliens,1137766234
474,1217,samurai,1137207077
424,1219,Alfred Hitchcock,1457902455
424,1219,psychology,1457902459
424,1219,suspenseful,1457902452
424,1219,tense,1457902461
474,1219,Norman Bates,1137203028
477,1219,Alfred Hitchcock,1242577153
477,1219,black and white,1242577173
477,1219,imdb top 250,1242577161
477,1219,remade,1242577165
474,1220,Saturday Night Live,1137375705
18,1221,Al Pacino,1461699306
18,1221,Mafia,1461699303
474,1221,Mafia,1137181066
474,1222,Vietnam,1137181761
477,1222,anti-war,1242494925
474,1223,moon,1137205261
474,1224,Shakespeare,1137181778
474,1225,Mozart,1137181247
474,1225,Salieri,1137181247
474,1228,boxing,1137375891
474,1230,New York,1137206872
474,1231,NASA,1137181802
474,1231,space,1137207104
474,1233,submarine,1138137835
474,1234,The Entertainer,1137520998
474,1235,May-December romance,1137206961
474,1237,chess,1137375008
474,1237,death,1137375008
567,1237,atmospheric,1525286526
567,1237,cerebral,1525286536
567,1237,existentialism,1525286523
567,1237,philosophical,1525286544
567,1237,reflective,1525286538
424,1240,Action,1457901308
424,1240,artificial intelligence,1457901313
424,1240,robots,1457901305
424,1240,Sci-Fi,1457901302
424,1240,special effects,1457901322
424,1240,tense,1457901319
424,1240,time travel,1457901300
474,1240,robots,1137368088
474,1242,Civil War,1137181272
474,1243,Shakespeare sort of,1137181815
474,1244,black and white,1138306904
474,1245,Mafia,1137375832
336,1246,highschool,1139046768
474,1246,High School,1137191334
474,1247,Simon and Garfunkel,1137181084
474,1249,hit men,1138137899
474,1250,POW,1137206891
474,1252,incest,1137521080
474,1253,aliens,1137206910
474,1254,Cold,1137203094
474,1257,skiing,1137375698
424,1258,atmospheric,1457843344
424,1258,disturbing,1457843347
424,1258,Horror,1457843352
424,1258,jack nicholson,1457843340
424,1258,masterpiece,1457843354
424,1258,psychological,1457843342
424,1258,Stanley Kubrick,1457843338
424,1258,suspense,1457843361
474,1258,Stephen King,1137181824
474,1259,Stephen King,1137181838
474,1260,serial killer,1137207017
567,1260,atmospheric,1525285649
567,1260,chilly,1525285661
567,1260,creepy,1525285667
567,1260,menacing,1525285665
567,1260,mental illness,1525285654
567,1260,oninous,1525285670
474,1262,POW,1137206951
474,1263,Vietnam,1137375724
474,1266,revenge,1138031666
474,1267,assassination,1137207027
474,1267,brainwashing,1137207027
474,1269,murder,1138137828
474,1270,time travel,1137202832
474,1272,World War II,1137181795
477,1274,animation,1244787931
477,1274,anime,1244787929
477,1274,visually stunning,1244787944
474,1276,prison,1137520930
474,1277,In Netflix queue,1137201859
474,1278,spoof,1138031675
474,1280,In Netflix queue,1137201087
474,1281,Nazis,1137206944
474,1282,Disney,1137375752
474,1283,gunfight,1138306895
474,1284,Hammett,1138306774
474,1285,high school,1137368062
327,1288,music,1234790068
474,1288,heavy metal,1137368105
474,1288,mockumentary,1137368105
474,1288,music,1137368105
474,1291,archaeology,1137206982
474,1291,Holy Grail,1137206982
474,1292,television,1137206878
474,1293,India,1137191587
474,1296,E. M. Forster,1137191679
474,1299,Cambodia,1138137933
474,1299,Vietnam,1138137933
474,1301,Shakespeare sort of,1138306870
474,1301,space,1138306870
474,1302,baseball,1138137903
474,1303,India,1138031736
474,1304,crime,1138137854
474,1307,New York,1137202686
474,1333,birds,1137202841
424,1343,horror,1457846257
424,1343,Juliette Lewis,1457846244
424,1343,Martin Scorsese,1457846252
424,1343,Robert De Niro,1457846254
474,1343,remake,1137181261
474,1344,lawyer,1137202856
474,1345,high school,1137784649
474,1345,prom,1137784649
474,1345,Stephen King,1137784649
474,1348,vampires,1137374972
474,1350,demons,1137368289
474,1353,personals ads,1137202938
474,1354,religion,1137202850
474,1356,Borg,1137202633
606,1357,music,1176765393
474,1358,ex-con,1137203050
474,1361,In Netflix queue,1137201059
474,1363,religion,1137374986
474,1366,Arthur Miller,1137191572
474,1367,dogs,1137374063
474,1367,remake,1137374063
474,1372,Klingons,1137203064
474,1374,Captain Kirk,1138031870
474,1376,whales,1137368320
474,1377,superhero,1137374089
474,1380,high school,1137368225
474,1381,high school,1137374154
474,1387,Shark,1137202913
474,1389,shark,1137373926
474,1393,sports,1137205489
474,1394,Coen Brothers,1137181415
474,1396,spying,1138031853
474,1398,Hemingway,1137374949
474,1407,slasher,1138031814
474,1407,spoof,1138031814
474,1408,Hawkeye,1137368264
474,1408,James Fennimore Cooper,1137368264
474,1411,Shakespeare,1137191597
474,1413,Conan,1137205643
474,1416,Andrew Lloyd Weber,1137374117
474,1423,In Netflix queue,1137202085
474,1423,Vietnam,1137202085
474,1441,mental illness,1137375694
573,1441,Not Seen,1186588856
474,1446,In Netflix queue,1137201854
474,1449,mockumentary,1137368329
474,1466,Mafia,1137191577
474,1474,jungle,1137374191
474,1485,lawyer,1137375802
474,1496,Tolstoy,1137191560
474,1500,hit men,1137368241
474,1500,reunion,1137368241
474,1513,reunion,1137375929
474,1537,ballroom dance,1137368308
474,1542,In Netflix queue,1137202048
474,1544,dinosaurs,1137373781
474,1545,death,1138031807
21,1569,romantic comedy,1419805413
21,1569,wedding,1419805419
474,1569,weddings,1138031775
474,1573,transplants,1137205452
474,1580,aliens,1137205519
474,1586,military,1137374138
474,1608,president,1137375681
474,1610,Tom Clancy,1137191607
474,1617,Police,1137191242
424,1625,mindfuck,1457845252
424,1625,Mystery,1457845249
424,1625,plot twist,1457845255
424,1625,psychological,1457845247
424,1625,suspense,1457845258
424,1625,twist ending,1457845244
474,1625,twist ending,1138031717
537,1625,Mystery,1424141701
474,1635,1970s,1137191612
474,1643,England,1137375849
474,1643,Queen Victoria,1137375849
474,1645,lawyers,1137374095
474,1650,Henry James,1138031883
474,1653,future,1137205460
567,1653,intelligent,1525287116
567,1653,thought-provoking,1525287118
474,1663,military,1137375949
474,1672,In Netflix queue,1137202154
474,1674,Amish,1137521041
474,1680,alternate universe,1138031846
474,1682,TV,1137205617
474,1683,Henry James,1137181445
424,1704,inspirational,1457844971
567,1704,heartwarming,1525287326
567,1704,inspirational,1525287323
474,1711,Savannah,1137374207
474,1717,sequel,1138031833
474,1717,slasher,1138031824
474,1717,spoof,1138031824
474,1719,Canada,1139838573
474,1719,death,1139838573
474,1721,shipwreck,1138031879
537,1721,romance,1424141922
125,1726,Kevin Costner,1474483317
125,1726,Post apocalyptic,1474483320
474,1732,Coen Brothers,1138306661
599,1732,black comedy,1498456261
599,1732,bowling,1498456271
599,1732,classic,1498456304
599,1732,coen brothers,1498456256
599,1732,comedy,1498456268
599,1732,crime,1498456292
599,1732,Cult classic,1498456280
599,1732,cult film,1498456260
599,1732,dark comedy,1498456258
599,1732,deadpan,1498456303
599,1732,drugs,1498456286
599,1732,funny,1498456291
599,1732,great dialogue,1498456264
599,1732,great soundtrack,1498456283
599,1732,Highly quotable,1498456296
599,1732,imdb top 250,1498456301
599,1732,Jeff Bridges,1498456269
599,1732,John Goodman,1498456278
599,1732,Julianne Moore,1498456294
599,1732,kidnapping,1498456299
599,1732,marijuana,1498456281
599,1732,Nudity (Full Frontal),1498456288
599,1732,off-beat comedy,1498456273
599,1732,Philip Seymour Hoffman,1498456275
599,1732,quirky,1498456263
599,1732,ransom,1498456308
599,1732,rug,1498456306
599,1732,sarcasm,1498456285
599,1732,satirical,1498456266
599,1732,Steve Buscemi,1498456276
599,1732,violence,1498456297
474,1735,Charles Dickens,1137374163
474,1748,amnesia,1138031699
474,1777,1980s,1137205630
573,1779,good,1186588894
474,1797,In Netflix queue,1137201971
573,1801,seen more than once,1186588917
474,1810,politics,1137374994
474,1834,twist ending,1138031861
474,1836,No DVD at Netflix,1137179444
474,1893,In Netflix queue,1137201105
474,1900,In Netflix queue,1137201889
474,1902,generation X,1138031706
474,1909,conspiracy,1137205667
474,1912,heist,1138031795
474,1913,Australia,1137191654
567,1916,avant-garde romantic comedy,1525282933
567,1916,elegiac,1525282961
567,1916,melancholy,1525282935
567,1916,quirky,1525282930
567,1916,wry,1525282972
474,1917,space,1137373862
424,1921,hallucinatory,1457902516
424,1921,mental illness,1457902477
424,1921,mindfuck,1457902518
424,1921,paranoid,1457902521
474,1921,mathematics,1138031797
567,1921,artsy,1525287302
567,1921,atmospheric,1525287273
567,1921,cerebral,1525287286
567,1921,enigmatic,1525287289
567,1921,existentialism,1525287275
567,1921,hallucinatory,1525287271
567,1921,insanity,1525287293
567,1921,paranoia,1525287295
567,1921,paranoid,1525287277
567,1921,surreal,1525287281
567,1921,tense,1525287285
567,1921,visually appealing,1525287283
327,1923,Ben Stiller,1234789755
424,1923,Ben Stiller,1457846503
424,1923,crude humor,1457846506
424,1923,goofy,1457846511
474,1931,ships,1138031771
474,1938,alcoholism,1137766211
474,1940,anti-Semitism,1137368219
474,1940,Judaism,1137368219
474,1942,Huey Long,1137201047
474,1942,In Netflix queue,1137201047
474,1942,Robert Penn Warren,1137201047
474,1945,boxing,1137191644
474,1945,coulda been a contender,1137191644
474,1947,Gangs,1137202674
606,1948,British,1177512649
474,1950,racism,1137520942
474,1951,Dickens,1137191634
474,1952,prostitution,1138031755
474,1953,drugs,1137368199
474,1953,police,1137368199
474,1954,boxing,1137191671
474,1954,sports,1137191671
474,1955,divorce,1137181397
474,1957,Olympics,1137181069
474,1957,sports,1137181069
474,1959,adultery,1138031923
474,1959,Africa,1138031923
474,1960,China,1137368246
474,1961,autism,1137191663
474,1962,rasicm,1137368186
474,1975,Jason,1137374129
474,1976,Jason,1137373611
474,1977,Jason,1137373908
474,1978,Jason,1137373605
474,1979,Jason,1137373625
474,1983,halloween,1137374175
474,1984,halloween,1137374180
474,1994,ghosts,1138031804
474,1995,ghosts,1137374228
474,1996,ghosts,1137373825
474,1997,demons,1137368191
474,2006,California,1138031745
474,2006,Mexico,1138031745
474,2011,time travel,1137374084
474,2019,samurai,1137368312
474,2020,adultery,1137368176
474,2022,Bible,1137202075
474,2022,Katzanzakis,1143683469
62,2023,Al Pacino,1525636728
62,2023,Andy Garcia,1525636768
62,2023,Classic,1525636752
62,2023,Francis Ford Coppola,1525636752
62,2023,mafia,1525636733
474,2028,World War II,1137180952
474,2054,Disney,1138032013
474,2058,police,1138032116
474,2059,twins,1137374214
474,2064,General Motors,1138032156
474,2064,Michigan,1138032156
474,2065,In Netflix queue,1137202057
474,2066,memory,1138032133
474,2070,music,1137191821
474,2071,AIDs,1137200442
474,2071,In Netflix queue,1137200442
474,2076,sexuality,1137418851
474,2076,suburbia,1137418851
474,2078,Disney,1138032023
474,2080,Disney,1138032086
474,2085,Disney,1137191781
474,2097,carnival,1138559451
474,2097,Ray Bradbury,1138559451
474,2100,mermaid,1137191808
474,2108,weather forecaster,1138032081
474,2114,S.E. Hinton,1137191789
474,2115,archaeology,1137784519
474,2116,Tolkein,1137374427
573,2116,classic,1186588944
474,2118,Stephen King,1137191728
474,2121,Stephen King,1137374355
474,2122,Stephen King,1137373696
62,2124,black comedy,1525636847
62,2124,Christina Ricci,1525636867
62,2124,Christopher Lloyd,1525636859
62,2124,Family,1525636855
62,2124,gothic,1525636849
62,2124,quirky,1525636846
567,2138,atmospheric,1525283760
567,2138,beautiful,1525283752
474,2139,mice,1137521184
474,2145,1980s,1138032148
474,2145,high school,1138032148
356,2146,post-college,1229142995
424,2160,Atmospheric,1457843300
424,2160,creepy,1457843317
424,2160,paranoia,1457843298
424,2160,scary,1457843295
424,2160,suspense,1457843308
474,2160,demons,1138032159
474,2167,vampires,1137374320
474,2171,aquarium,1137202573
474,2171,Boston,1137202573
474,2171,personals ads,1137202573
474,2186,murder,1137205604
474,2187,theater,1140467428
474,2194,Capone,1138032218
474,2194,gangsters,1138032218
474,2202,survival,1137205513
474,2203,small towns,1138032173
474,2206,paranoia,1137205610
474,2208,train,1137271242
474,2243,journalism,1137205380
474,2247,Mafia,1137374432
474,2248,In Your Eyes,1137202613
474,2248,Lloyd Dobbler,1137202613
474,2249,Mafia,1137374445
474,2268,court,1137191761
474,2268,military,1137191761
474,2291,freaks,1137205437
474,2295,Screwball,1137202461
424,2296,SNL,1457846704
474,2300,Broadway,1137205562
474,2302,court,1137374439
474,2310,adolescence,1138032095
474,2312,death penalty,1137374919
474,2313,freaks,1137205442
474,2324,Holocaust,1137181119
567,2324,bittersweet,1525285789
567,2324,emotional,1525285791
567,2324,Heartwarming,1525285795
567,2324,poignant,1525285800
567,2324,sentimental,1525285793
567,2324,tear jerker,1525285797
567,2324,tearjerking,1525285787
424,2329,thought-provoking,1457843729
474,2329,racism,1138031951
537,2329,edward norton,1424141449
537,2329,emotional,1424141459
537,2329,politics,1424141461
474,2334,terrorism,1138032178
474,2335,football,1137374560
474,2336,England,1137191737
474,2351,In Netflix queue,1137202131
474,2355,Pixar,1137191711
474,2357,South America,1137205389
474,2360,In Netflix queue,1137201464
125,2387,dark comedy,1474382225
125,2387,dark humor,1474382223
474,2390,In Netflix queue,1137202019
474,2391,heist,1138032185
477,2393,cameo:Whoopi Goldberg,1242278473
477,2393,space opera,1242278463
477,2393,Star Trek,1242278464
474,2394,Bible,1137191285
474,2394,Moses,1137202582
474,2396,England,1137191800
474,2410,boxing,1137374485
474,2411,boxing,1137373840
474,2412,boxing,1137373964
474,2420,martial arts,1138032051
474,2421,martial arts,1137374406
474,2422,martial arts,1137374411
474,2423,christmas,1137373883
474,2424,e-mail,1137202717
474,2424,remake,1137202717
474,2431,doctors,1137373812
573,2431,bad,1186588902
474,2442,In Netflix queue,1137201903
474,2463,kidnapping,1137374497
474,2467,religion,1140703344
474,2470,Australia,1137374348
474,2471,Australia,1137373731
474,2491,food,1137374514
474,2494,Holocaust,1137179426
474,2494,Hungary,1137179426
474,2502,stapler,1138032123
474,2502,workplace,1138032129
424,2505,Nicolas Cage,1457902180
474,2506,disability,1137374460
474,2517,Stephen King,1137373705
474,2529,twist ending,1138032140
474,2550,ghosts,1138032008
474,2553,evil children,1138038893
474,2554,evil children,1138038892
474,2565,Siam,1137191238
424,2571,martial arts,1457842912
424,2571,sci-fi,1457842899
474,2571,alternate universe,1137204991
537,2571,philosophy,1424141098
537,2571,post apocalyptic,1424141101
474,2572,Shakespeare sort of,1137374893
184,2579,black and white,1537094307
184,2579,Christopher Nolan,1537094326
184,2579,directorial debut,1537094323
184,2579,mindfuck,1537094375
184,2579,not linear,1537094318
184,2579,Twist Ending,1537094309
474,2579,black and white,1138032056
474,2581,high school,1138032122
474,2583,southern US,1138031988
474,2598,golfing,1137374470
474,2600,virtual reality,1138031996
474,2612,motherhood,1138032112
327,2616,comic book,1234789098
474,2628,prequel,1138032197
474,2628,the Force,1138032197
474,2640,superhero,1138032200
474,2641,superhero,1138032201
474,2642,superhero,1137373986
474,2648,In Netflix queue,1137200966
474,2660,aliens,1137521194
573,2662,classic,1186588962
474,2664,1950s,1138032017
474,2677,In Netflix queue,1137202023
474,2692,alternate endings,1138032166
474,2693,Star Trek,1138032207
477,2694,Adam Sandler,1244787788
474,2699,spiders,1137373650
424,2700,adult humor,1457844390
424,2700,controversial,1457844399
424,2700,crude humor,1457844397
424,2700,free speech,1457844402
424,2700,parody,1457844393
424,2700,satire,1457844392
424,2700,south park,1457844407
424,2700,Trey Parker,1457844412
477,2706,best comedy,1244707216
477,2706,Chris Klein,1244707221
477,2706,dumb,1244707211
477,2706,Jason Biggs,1244707223
477,2706,not funny,1244707227
477,2706,pizza beer,1244707207
477,2706,Seann William Scott,1244707224
477,2706,teen,1244707202
474,2710,claims to be true,1138031976
474,2710,video,1138031976
474,2712,sexuality,1138032003
474,2716,ghosts,1137205464
474,2717,Ghosts,1137373633
474,2719,remake,1137373916
474,2723,superhero,1137205533
474,2726,heist,1137205507
474,2728,crucifixion,1137520905
474,2728,Rome,1137520896
474,2728,slavery,1137520896
567,2731,emotional,1525285761
567,2731,gentle,1525285768
567,2731,heartwarming,1525285770
567,2731,lyrical,1525285763
567,2731,reflective,1525285753
474,2745,Missionary,1137202541
474,2745,Priest,1137191266
474,2750,nostalgia,1137443255
474,2750,radio,1137443255
474,2761,robots,1138032019
477,2761,animation,1244787872
357,2762,Atmospheric,1348626902
357,2762,Bruce Willis,1348626919
357,2762,ghosts,1348626904
357,2762,imdb top 250,1348626908
357,2762,mindfuck,1348626910
357,2762,stylized,1348626915
357,2762,twist ending,1348626913
474,2762,ghosts,1137205068
474,2762,I see dead people,1137202627
474,2787,Stephen King,1137374342
474,2791,aviation,1138031941
474,2791,spoof,1138031941
474,2797,children,1138032265
474,2801,gambling,1137205541
474,2803,lawyers,1137374982
474,2804,Christmas,1137191720
474,2827,aliens,1137374307
474,2863,Beatles,1138032352
474,2871,river,1138032293
474,2872,England,1137191745
474,2872,King Arthur,1137191745
474,2905,In Netflix queue,1137201967
474,2915,prostitution,1137374478
474,2918,High School,1137191753
474,2919,Academy award (Best Supporting Actress),1137367916
474,2919,Indonesia,1137367916
474,2919,journalism,1137367916
474,2927,adultery,1138032272
474,2935,gambling,1138032373
474,2937,screwball,1137205550
474,2940,nightclub,1138032341
474,2941,island,1138032457
474,2943,Vietnam,1138804253
573,2951,bad,1186588901
474,2952,gambling,1137191914
62,2953,family,1525636883
62,2953,funny,1525636885
62,2953,Macaulay Culkin,1525636890
62,2953,sequel,1525636887
424,2959,dark comedy,1457842797
424,2959,psychology,1457842802
424,2959,thought-provoking,1457842786
424,2959,twist ending,1457842777
435,2959,dark comedy,1366676088
474,2959,violence,1137205034
599,2959,action,1498456930
599,2959,atmospheric,1498456906
599,2959,based on a book,1498456916
599,2959,Brad Pitt,1498456893
599,2959,challenging,1498456963
599,2959,Chuck Palahniuk,1498456949
599,2959,classic,1498456925
599,2959,clever,1498456960
599,2959,complicated,1498456923
599,2959,consumerism,1498456965
599,2959,crime,1498456935
599,2959,dark,1498456928
599,2959,dark comedy,1498456891
599,2959,David Fincher,1498456926
599,2959,disturbing,1498456908
599,2959,double life,1498456958
599,2959,Edward Norton,1498456896
599,2959,fighting,1498456937
599,2959,great acting,1498456951
599,2959,helena bonham carter,1498456939
599,2959,imaginary friend,1498456945
599,2959,imdb top 250,1498456941
599,2959,mental illness,1498456903
599,2959,mind-blowing,1498456955
599,2959,mindfuck,1498456912
599,2959,narrated,1498456934
599,2959,Nudity (Topless),1498456962
599,2959,Palahnuik,1498456948
599,2959,philosophical,1498456911
599,2959,philosophy,1498456898
599,2959,postmodern,1498456954
599,2959,powerful ending,1498456921
599,2959,psychological,1498456909
599,2959,psychological thriller,1498456953
599,2959,psychology,1498456890
599,2959,quirky,1498456918
599,2959,satirical,1498456920
599,2959,schizophrenia,1498456967
599,2959,social commentary,1498456894
599,2959,societal criticism,1498456946
599,2959,stylized,1498456932
599,2959,surreal,1498456900
599,2959,TERRORISM,1498456966
599,2959,thought-provoking,1498456901
599,2959,twist,1498456943
599,2959,twist ending,1498456888
599,2959,violence,1498456904
599,2959,violent,1498456914
474,2966,brothers,1138032507
474,2966,lawn mower,1138032507
474,2967,evil children,1138038912
474,2968,time travel,1138032520
474,2987,live action/animation,1138032544
474,3000,anime,1138032418
477,3000,adventure,1241396438
477,3000,atmospheric,1241396434
477,3000,fantasy world,1241396427
477,3000,Studio Ghibli,1241396420
477,3000,surreal,1241396422
474,3006,tobacco,1138032361
474,3006,true story,1138032361
474,3007,In Netflix queue,1137201930
474,3011,dance marathon,1137191967
474,3028,Shakespeare,1137374544
474,3030,samurai,1138032553
474,3039,class,1138032532
520,3039,Dan Aykroyd,1326608424
474,3040,camp,1137373789
474,3044,memory,1137202357
474,3044,music,1137202357
125,3052,irreverent,1474592072
125,3052,jay and silent bob,1474592004
125,3052,Kevin Smith,1474592000
125,3052,satire,1474591997
474,3052,religion,1137191859
474,3060,In Netflix queue,1137201892
474,3071,high school,1137375023
474,3072,New York,1137191274
474,3077,In Netflix queue,1137201542
474,3077,Up series,1137201543
474,3081,Ichabod Crane,1137374535
474,3087,christmas,1137271226
474,3087,new york,1137271222
474,3095,depression,1137205475
474,3095,dust bowl,1137205475
474,3097,remade,1138032435
474,3098,baseball,1137201875
474,3098,sports,1137201875
474,3101,adultery,1138032312
474,3108,homeless,1137374925
474,3111,racism,1138032385
62,3114,animation,1525636903
62,3114,Disney,1525636902
62,3114,funny,1525636913
62,3114,original,1525636917
62,3114,Pixar,1525636901
62,3114,sequel,1525636910
62,3114,Tom Hanks,1525636925
474,3114,Pixar,1138032529
474,3115,men in drag,1137191883
474,3125,Graham Greene,1137191874
567,3134,downbeat,1525287634
567,3134,poignant,1525287636
474,3135,fatherhood,1138032346
474,3147,Stephen King,1137191901
474,3152,black-and-white,1137521245
474,3160,L.A.,1137202527
474,3174,Andy Kaufman,1137191943
474,3175,spoof,1138032315
424,3176,based on a book,1457845042
424,3176,creepy,1457845033
424,3176,disturbing,1457845029
424,3176,Jude Law,1457845026
424,3176,murder,1457845038
424,3176,obsession,1457845036
424,3176,psychology,1457845023
424,3176,secrets,1457845045
424,3176,serial killer,1457845031
424,3176,suspense,1457845041
474,3176,Europe,1137202659
474,3176,murder,1137202659
474,3178,boxing,1137374389
474,3181,Shakespeare,1137179352
424,3186,asylum,1457846005
424,3186,based on a true story,1457846002
424,3186,Brittany Murphy,1457846009
424,3186,Mental Hospital,1457846012
424,3186,psychology,1457845994
424,3186,winona ryder,1457845998
474,3192,In Netflix queue,1137201464
474,3210,high school,1137374381
474,3211,a dingo ate my baby,1137191854
474,3211,Australia,1137191854
474,3247,nuns,1137374526
474,3250,In Netflix queue,1137202163
474,3258,plastic surgery,1137375095
474,3259,Ireland,1137375116
474,3260,E.M. Forster,1137181368
474,3263,basketball,1137374566
610,3265,gun fu,1493843984
610,3265,heroic bloodshed,1493843978
567,3266,black comedy,1525283004
567,3266,crazy,1525283002
567,3266,dark,1525282999
567,3266,dark comedy,1525282995
567,3266,dark humor,1525283008
567,3266,serial killer,1525283012
474,3270,figure skating,1137375084
474,3273,slasher,1138032428
474,3273,spoof,1138032428
474,3281,sexuality,1137374330
474,3306,big top,1137205399
474,3306,circus,1137205399
474,3307,blind,1137205412
474,3310,orphans,1138032366
474,3317,writing,1138032548
474,3330,adolescence,1138032469
474,3330,sexuality,1138032498
474,3341,remade,1138032286
474,3360,basketball,1137784798
474,3384,subway,1138032512
474,3385,Peace Corp,1137374553
474,3386,politics,1137191934
474,3386,president,1137191934
474,3408,scandal,1138032304
474,3408,true story,1138032304
474,3420,lawyers,1137375055
474,3421,college,1137374581
474,3421,TOGA,1137374587
474,3424,racism,1137191865
567,3424,great cinematography,1525284096
474,3429,aardman,1140626569
474,3435,Insurance,1137520877
474,3447,Pearl S Buck,1137191895
474,3451,Hepburn and Tracy,1137181361
474,3451,interracial marriage,1137205479
474,3451,prejudice,1137205481
474,3451,racism,1137205477
474,3461,island,1138032377
474,3462,factory,1137205526
474,3468,pool,1137521005
474,3469,court,1137375171
474,3469,evolution,1137375171
474,3469,religion,1137375171
474,3475,class,1138032413
327,3481,music,1234788257
474,3481,Nick Hornby,1137181093
474,3489,Peter Pan,1137191920
474,3498,In Netflix queue,1137201900
424,3499,claustrophobic,1457846281
424,3499,horror,1457846287
424,3499,scary,1457846295
424,3499,stephen king,1457846291
424,3499,suspenseful,1457846279
424,3499,tense,1457846283
424,3499,thriller,1457846285
474,3502,death,1137375216
474,3504,journalism,1137191950
474,3507,In Netflix queue,1137200453
474,3512,transplants,1137205572
474,3515,alternate endings,1138032711
474,3526,families,1138032724
424,3527,aliens,1457901283
424,3527,sci-fi,1457901285
424,3527,scifi cult,1457901288
477,3527,aliens,1278683918
477,3527,Arnold Schwarzenegger,1269832592
477,3527,dialogue,1269832605
477,3527,guns,1278683912
477,3527,Jesse Ventura,1269832593
477,3527,macho,1269832597
477,3527,sci-fi,1269832609
477,3527,scifi cult,1269832612
474,3528,psychiatrist,1137374751
474,3536,priest,1137181376
474,3536,rabbi,1137181376
474,3546,show business,1138032886
474,3548,1920s,1137205331
474,3549,Gambling,1137191235
474,3552,golf,1137374630
132,3556,sofia coppola,1163148016
474,3556,1970s,1138032871
474,3556,suicide,1138032871
474,3559,In Netflix queue,1137202015
474,3566,business,1137205342
474,3566,religion,1137205342
62,3578,ancient Rome,1528152504
62,3578,Epic,1528152469
62,3578,history,1528152467
62,3578,imdb top 250,1528152498
62,3578,revenge,1528152496
62,3578,Rome,1528152463
62,3578,Russell Crowe,1528152465
606,3578,Romans,1173212944
474,3608,Pee Wee Herman,1138032732
474,3629,mining,1138032660
567,3671,dark humor,1525283215
567,3671,easygoing,1525283227
567,3671,silly,1525283225
474,3675,Christmas,1137205636
474,3676,In Netflix queue,1137202167
567,3676,art house,1525282858
567,3676,Atmospheric,1525282843
567,3676,creepy,1525282842
567,3676,cryptic,1525282831
567,3676,dark,1525282860
567,3676,disturbing,1525282840
567,3676,dreamlike,1525282845
567,3676,enigmatic,1525282838
567,3676,fucked up,1525282866
567,3676,gruesome,1525282863
567,3676,hallucinatory,1525282848
567,3676,Insane,1525282856
567,3676,paranoid,1525282868
567,3676,strange,1525282854
567,3676,surreal,1525282828
567,3676,weird,1525282851
474,3683,Coen Brothers,1137521124
474,3712,television,1137375317
474,3723,Shakespeare,1137191908
474,3724,Vietnam,1137201954
474,3730,spying,1138032598
474,3735,police,1138032794
184,3793,action,1537094381
184,3793,comic book,1537094359
184,3793,hugh jackman,1537094370
184,3793,marvel,1537094366
184,3793,superhero,1537094354
474,3793,superhero,1137205670
474,3801,court,1137191841
474,3811,court,1138032584
474,3816,missing children,1138032720
474,3844,diabetes,1137375348
474,3849,disability,1138032820
474,3859,In Netflix queue,1137201554
474,3859,televangelist,1137201554
474,3877,superhero,1137374791
327,3897,music,1234788979
474,3897,journalism,1137205322
474,3897,music,1137205322
474,3897,Rolling Stone,1137205322
474,3910,blindness,1138032613
474,3910,factory,1138032613
424,3911,satire,1457844176
474,3911,Dogs,1137181343
474,3932,invisibility,1138032669
424,3948,comedy,1457846488
424,3948,Robert De Niro,1457846484
474,3949,drug abuse,1137192093
537,3949,depressing,1424141547
537,3949,psychology,1424141551
474,3951,In Netflix queue,1137179732
474,3967,ballet,1137191989
474,3983,family,1137205683
474,3988,Dr. Seuss,1137373756
474,3994,superhero,1137205619
477,3994,atmospheric,1241396301
477,3994,comics,1241396280
477,3994,father-son relationship,1241396313
477,3994,mindfuck,1241396308
477,3994,unique,1241396293
567,3994,atmospheric,1525285498
567,3994,somber,1525285503
474,3996,china,1138032606
474,3996,martial arts,1138032600
474,4007,business,1138032878
474,4012,stand-up comedy,1137374767
573,4015,bad,1186589039
474,4019,writing,1138032630
474,4024,Edith Wharton,1137375144
474,4025,pageant,1137374719
474,4027,bluegrass,1137520959
474,4029,movies,1137205589
305,4034,drugs,1462919721
474,4034,based on a TV show,1137784729
474,4046,Quakers,1138032635
474,4077,psychopaths,1138039049
474,4105,zombies,1137374672
474,4113,Tennessee Williams,1137192025
474,4117,In Netflix queue,1137200919
474,4138,demons,1137373794
567,4144,atmospheric,1525283524
567,4144,Beautiful,1525283566
567,4144,bittersweet,1525283563
567,4144,dreamy,1525283557
567,4144,elegant,1525283529
567,4144,heartbreaking,1525283540
567,4144,intimate,1525283535
567,4144,loneliness,1525283527
567,4144,long takes,1525283572
567,4144,longing,1525283542
567,4144,melancholic,1525283526
567,4144,melancholy,1525283531
567,4144,moody,1525283533
567,4144,nocturnal,1525283537
567,4144,romantic,1525283568
567,4144,Unique,1525283560
567,4144,visually appealing,1525283544
567,4144,visually stunning,1525283550
474,4160,death penalty,1137205651
474,4164,homeless,1138032589
474,4164,New York,1138032589
474,4166,reality TV,1137374777
474,4171,Eugene O'Neill,1137192041
474,4174,In Netflix queue,1137200882
474,4184,Christmas,1138032577
474,4189,Bible,1137375121
474,4189,religion,1137375121
474,4190,preacher,1137520919
474,4190,religion,1137520919
474,4191,sexuality,1138032573
474,4204,virginity,1137373770
474,4210,Hannibal Lecter,1139059882
474,4210,serial killer,1139059887
474,4211,von Bulow,1137192103
474,4214,college,1137374771
474,4218,In Netflix queue,1137202093
474,4221,football,1137374725
62,4223,Ed Harris,1528024869
62,4223,Jude Law,1528024854
62,4223,Rachel Weisz,1528024873
62,4223,sniper,1528024852
62,4223,World War II,1528024877
184,4226,dark,1537094453
184,4226,Mindfuck,1537094464
184,4226,nonlinear,1537094445
184,4226,psychology,1537094448
184,4226,twist ending,1537094447
424,4226,mystery,1457842983
424,4226,psychological,1457842979
424,4226,twist ending,1457842977
474,4226,Backwards. memory,1137191263
477,4226,mystery,1256051072
477,4226,twist ending,1256051079
567,4226,cerebral,1525282541
567,4226,dreamlike,1525282545
474,4232,spying,1138032824
474,4246,singletons,1137205374
474,4259,Nabokov,1137192047
424,4262,Al Pacino,1457900965
474,4263,alcoholism,1138032622
474,4292,Union,1137192082
474,4296,death,1137374704
474,4306,fairy tales,1137205586
474,4312,In Netflix queue,1137202173
474,4316,figure skating,1137375157
474,4326,race,1137375204
474,4326,rasicm,1137375204
474,4333,Strangers on a Train,1138032832
573,4343,really bad,1186589079
573,4343,Seann William Scott,1186589079
474,4347,Holocaust,1138032626
474,4356,In Netflix queue,1137201794
474,4359,adultery,1138032800
474,4361,men in drag,1138032838
357,4370,android(s)/cyborg(s),1348628642
357,4370,artificial intelligence,1348628638
357,4370,Bittersweet,1348628628
357,4370,Steven Spielberg,1348628635
474,4370,robots,1137205306
474,4380,accident,1138032770
474,4396,race,1137373684
474,4404,In Netflix queue,1137200537
573,4446,sci-fi,1186588886
474,4447,lawyers,1138032674
474,4448,heist,1138032773
573,4448,boring,1186589048
477,4454,claymation,1245030193
477,4454,creativity,1245030187
477,4454,dystopia,1245030190
477,4454,free to download,1245030175
477,4454,imagination,1245030178
477,4454,no dialogue,1245030196
477,4454,social commentary,1245030185
474,4465,rape,1138032565
474,4476,twins,1137374622
474,4477,circus,1137373669
474,4489,Africa,1137766266
474,4489,immigrants,1137374636
474,4495,New York,1137202342
474,4526,aliens,1137373948
474,4537,hippies,1137205576
474,4545,robots,1137374781
474,4546,kidnapping,1138032855
474,4546,remade,1138032855
567,4552,"""artsy""",1525285878
567,4552,atmospheric,1525285874
567,4552,gritty,1525285880
567,4552,hallucinatory,1525285875
567,4552,surreal,1525285865
567,4552,visually stunning,1525285872
474,4558,twins,1137374798
474,4571,time travel,1137205348
474,4600,doctors,1137375124
318,4612,reciprocal spectator,1416086512
474,4621,babies,1137374699
474,4623,baseball,1137374712
474,4638,dinosaurs,1137374692
474,4639,Hollywood,1137375071
474,4639,movie business,1137375071
474,4641,adolescence,1138032652
474,4677,dogs,1137373991
474,4678,television,1138032842
474,4688,In Netflix queue,1137201126
318,4708,reciprocal spectator,1416086490
477,4725,mental hospital,1252820163
477,4725,psychology,1252820170
477,4725,suspense,1252820168
477,4725,Well Done,1252820180
474,4787,prodigies,1138032687
474,4801,family,1138032678
474,4808,remake,1137374805
474,4809,Nuclear disaster,1137367824
474,4809,union,1137367824
474,4812,NASA,1137374786
474,4812,space,1137374786
424,4816,ben stiller,1457846960
424,4816,comedy,1457846970
424,4816,David Bowie,1457846952
424,4816,goofy,1457846949
424,4816,mindless one liners,1457846956
424,4816,Will Ferrell,1457846959
474,4823,wedding,1138032791
474,4835,Loretta Lynn,1137192003
474,4857,Judaism,1138039170
474,4857,Tradition!,1137192017
474,4874,aliens,1137375186
474,4874,psychiatrist,1137375186
193,4878,atmospheric,1435857150
193,4878,cult film,1435857131
193,4878,dreamlike,1435857139
193,4878,hallucinatory,1435857144
193,4878,psychological,1435857147
193,4878,surreal,1435857128
193,4878,time travel,1435857135
424,4878,jake gyllenhaal,1457901910
474,4878,time travel,1137205781
477,4878,dreamlike,1242494462
477,4878,hallucinatory,1242494486
477,4878,mental illness,1242494483
477,4878,psychology,1242494469
477,4878,social commentary,1242494478
477,4878,teen,1242494496
477,4878,thought-provoking,1242494462
567,4878,atmospheric,1525282581
567,4878,cerebral,1525282593
567,4878,dreamlike,1525282577
567,4878,enigmatic,1525282598
567,4878,hallucinatory,1525282590
567,4878,mental illness,1525282579
567,4878,mindfuck,1525282602
567,4878,philosophy,1525282583
567,4878,psychological,1525282595
567,4878,quirky,1525282588
567,4878,surreal,1525282571
567,4878,thought-provoking,1525282573
567,4878,weird,1525282585
474,4881,Coen Brothers,1137192055
106,4896,Everything you want is here,1467566944
184,4896,alan rickman,1537094576
184,4896,harry potter,1537094544
184,4896,humorous,1537094550
184,4896,Magic,1537094530
474,4896,Magic,1137205893
474,4896,Wizards,1137205893
474,4902,ghosts,1137367852
474,4920,psychology,1138039319
474,4963,heist,1138039322
474,4969,In Netflix queue,1137179563
474,4970,nightclub,1138039117
474,4970,singers,1138039117
474,4973,whimsical,1137202289
474,4979,new york,1137271220
474,4980,time travel,1138039109
424,4993,fantasy,1457901156
424,4993,high fantasy,1457901162
424,4993,Magic,1457901158
424,4993,mythology,1457901174
424,4993,tolkien,1457901165
424,4993,wizards,1457901168
474,4993,Tolkein,1137181125
305,4995,mathematics,1464428783
474,4998,racism,1139102582
474,5008,Agatha Christie,1138039430
474,5008,court,1138039430
474,5012,cross dressing,1138039463
474,5012,Judaism,1138039463
474,5015,race,1138039271
474,5034,Ghost,1137191298
474,5064,Dumas,1138039163
474,5064,revenge,1138039163
573,5064,remake,1186589036
125,5088,irreverent,1474592207
474,5114,movie business,1138039083
474,5120,In Netflix queue,1137200871
474,5135,India,1137192060
474,5139,baseball,1137373653
474,5213,religion,1137373958
474,5224,In Netflix queue,1137201464
474,5238,In Netflix queue,1137202052
573,5254,Great movie,1186589125
573,5254,Wesley Snipes,1186589125
474,5266,crime,1138039345
424,5291,black and white,1457845331
424,5291,samurai,1457845338
474,5291,In Netflix queue,1137200907
474,5291,samurai,1142282530
474,5294,religion,1138039177
474,5304,In Netflix queue,1137200961
474,5316,World War II,1137375111
474,5349,superhero,1137206068
474,5353,blind,1137784621
474,5377,Nick Hornby,1137181073
474,5379,anti-Semitism,1137205732
474,5379,Judaism,1137205732
62,5388,Al Pacino,1530310809
62,5388,atmospheric,1530310959
62,5388,Hilary Swank,1530310952
62,5388,Robin Williams,1530310811
184,5388,atmospheric,1537094680
184,5388,insomnia,1537094688
184,5388,thought-provoking,1537094685
474,5398,boxing,1138039410
474,5404,books,1138039075
474,5445,future,1137206007
474,5446,Australia,1137181573
474,5450,sisterhood,1138039255
474,5450,women,1138039255
474,5451,disability,1137375287
474,5451,mental illness,1137375287
477,5459,crappy sequel,1262795620
477,5459,first was much better,1262795632
477,5459,sequel,1262795653
357,5464,cinematography,1348627174
357,5464,Tom Hanks,1348627179
474,5470,Oscar Wilde,1137181530
474,5475,In Netflix queue,1137201978
474,5483,movie business,1137181538
474,5498,In Netflix queue,1137179781
474,5502,aliens,1137206065
474,5505,adultery,1137205854
474,5505,younger men,1137205854
474,5527,AS Byatt,1138039372
474,5527,books,1138039372
474,5528,photography,1138039335
474,5528,psychopaths,1138039335
474,5548,homeless,1137374645
474,5577,adolescence,1138039226
474,5601,Animal movie,1138039452
474,5603,crime,1138039241
474,5603,heist,1138039241
474,5618,anime,1137206076
474,5629,Bible,1137374683
474,5630,Hannibal Lecter,1139059884
474,5633,bombs,1138039202
474,5644,baseball,1138039381
474,5644,Lou Gehrig,1138039381
474,5669,violence in america,1138039133
474,5673,pudding,1137206033
567,5673,anger,1525282648
567,5673,awkward,1525282635
567,5673,bittersweet,1525282627
567,5673,hallucinatory,1525282650
567,5673,quirky,1525282629
567,5673,sad,1525282646
567,5673,surreal,1525282654
567,5673,symbolism,1525282652
567,5673,tense,1525282631
567,5673,unconventional,1525282616
567,5673,unique,1525282637
567,5673,wistful,1525282643
474,5682,Holocaust,1138039189
474,5685,Girl Power,1137206048
474,5690,made me cry,1137205866
474,5690,orphans,1137205866
567,5690,beautiful,1525283799
567,5690,downbeat,1525283801
567,5690,grim,1525283797
567,5690,poignant,1525283788
567,5690,tear jerker,1525283804
567,5690,tragedy,1525283795
567,5690,tragic,1525283809
606,5694,70mm,1175638092
474,5747,World War I,1137181512
474,5791,art,1138039181
474,5792,dating,1137375296
474,5802,teenagers,1138039442
474,5812,salute to Douglas Sirk,1137181505
474,5816,Magic,1137205882
474,5816,Wizards,1137205882
474,5820,music business,1138039419
474,5875,short films,1137375257
474,5876,Graham Greene,1138039395
474,5878,coma,1138039423
474,5899,Africa,1137442538
439,5952,Myth,1436944038
474,5952,Tolkein,1137181130
474,5954,crime,1138039070
474,5954,nightclub,1138039070
474,5971,anime,1138039281
474,5989,crime,1138039137
537,5989,cheating,1424139697
537,5989,intelligent,1424139627
537,5989,Leonardo DiCaprio,1424139605
537,5989,lies,1424139629
537,5989,smart,1424139670
537,5989,Tom Hanks,1424139608
537,5989,twists & turns,1424139659
474,5991,court,1138039145
474,5991,jazz,1138039140
474,5991,murder,1138039142
474,5994,Dickens,1138039286
18,5995,holocaust,1455735472
18,5995,true story,1455735479
474,5995,Holocaust,1137181562
474,6002,drugs,1138307168
474,6002,planes,1138307168
474,6002,widows/widowers,1138307168
474,6003,television,1138307058
424,6016,multiple storylines,1457900999
424,6016,true story,1457901005
474,6016,crime,1138039157
474,6016,photography,1138039157
474,6016,violence,1138039157
573,6016,not seen,1186588853
474,6020,class,1138307024
474,6027,In Netflix queue,1137200848
474,6031,motherhood,1138039234
474,6031,race,1138039234
474,6041,In Netflix queue,1137200888
62,6058,sequel,1525555053
62,6058,violent,1525555051
474,6063,doll,1137375194
474,6090,ghosts,1138307131
474,6101,Chile,1137900975
474,6101,politics,1137900975
474,6101,South America,1137900975
474,6104,spoof,1138039279
606,6107,World War II,1178473747
474,6156,England,1138307301
573,6157,bad,1186589133
573,6157,Ben Affleck,1186589133
474,6159,adolescence,1138307031
474,6163,obsession,1137205905
474,6170,horses,1138307048
474,6178,blind,1138039358
474,6178,blindness,1138039358
474,6178,race,1138039358
474,6181,Civil War,1138039404
474,6181,Stephen Crane,1138039404
474,6183,Day and Hudson,1138039366
474,6183,sexuality,1138039366
424,6188,comedy,1457846098
424,6188,Will Ferrell,1457846100
474,6195,books,1138498655
474,6195,Stones of Summer,1138498655
474,6197,mental illness,1138307351
474,6201,England,1137191244
567,6214,dark,1525283391
567,6214,disturbing,1525283383
474,6216,World War II,1138307229
474,6218,soccer,1138039102
474,6228,In Netflix queue,1137201613
474,6232,animal movie,1138039126
474,6232,lions,1138039125
474,6235,Holocaust,1138307079
474,6235,World War II,1138307079
474,6238,immigrants,1138307096
474,6242,television,1138307280
474,6244,In Netflix queue,1137201921
474,6245,prostitution,1138307361
474,6254,screwball,1137181469
474,6268,adolescence,1138307261
474,6269,Big Brothers,1137206096
474,6273,L.A.,1137521025
474,6281,crime,1138307249
184,6283,amazing artwork,1537094506
184,6283,anime,1537094487
184,6283,sci-fi,1537094503
474,6286,amnesia,1138039259
474,6288,gangs,1138307044
474,6289,Titanic,1138307085
424,6290,Rob Zombie,1457902367
474,6291,prostitution,1138039248
567,6291,Depressing,1525287038
567,6291,melancholy,1525287040
567,6291,sad,1525287050
474,6296,mockumentary,1138039267
474,6297,children,1138307101
474,6299,birds,1138307384
474,6305,Ray Bradbury,1137181490
474,6308,lawyers,1137374834
132,6323,John Cusack,1161800041
474,6327,1970s,1138486479
474,6327,movies,1137200584
474,6331,spelling bee,1138039807
